<?xml version="1.0" encoding="UTF-8"?>
<gpx creator="StravaGPX" version="1.1" xmlns="http://www.topografix.com/GPX/1/1" xmlns:xsi="http://www.w3.org/2001/XMLSchema-instance" xsi:schemaLocation="http://www.topografix.com/GPX/1/1 http://www.topografix.com/GPX/1/1/gpx.xsd http://www.garmin.com/xmlschemas/GpxExtensions/v3 http://www.garmin.com/xmlschemas/GpxExtensionsv3.xsd http://www.garmin.com/xmlschemas/TrackPointExtension/v1 http://www.garmin.com/xmlschemas/TrackPointExtensionv1.xsd" xmlns:gpxtpx="http://www.garmin.com/xmlschemas/TrackPointExtension/v1" xmlns:gpxx="http://www.garmin.com/xmlschemas/GpxExtensions/v3">
 <metadata>
  <time>2025-09-06T09:23:47Z</time>
 </metadata>
 <trk>
  <name>PBR sub 20</name>
  <type>running</type>
  <trkseg>
   <trkpt lat="50.0612570" lon="19.9106060">
    <ele>203.6</ele>
    <time>2025-09-06T09:23:47Z</time>
    <extensions>
     <gpxtpx:TrackPointExtension>
      <gpxtpx:cad>0</gpxtpx:cad>
     </gpxtpx:TrackPointExtension>
    </extensions>
   </trkpt>
   <trkpt lat="50.0612810" lon="19.9105620">
    <ele>203.6</ele>
    <time>2025-09-06T09:23:48Z</time>
    <extensions>
     <gpxtpx:TrackPointExtension>
      <gpxtpx:cad>0</gpxtpx:cad>
     </gpxtpx:TrackPointExtension>
    </extensions>
   </trkpt>
   <trkpt lat="50.0612990" lon="19.9105420">
    <ele>203.6</ele>
    <time>2025-09-06T09:23:49Z</time>
    <extensions>
     <gpxtpx:TrackPointExtension>
      <gpxtpx:cad>0</gpxtpx:cad>
     </gpxtpx:TrackPointExtension>
    </extensions>
   </trkpt>
   <trkpt lat="50.0612900" lon="19.9104940">
    <ele>203.6</ele>
    <time>2025-09-06T09:23:50Z</time>
    <extensions>
     <gpxtpx:TrackPointExtension>
      <gpxtpx:cad>0</gpxtpx:cad>
     </gpxtpx:TrackPointExtension>
    </extensions>
   </trkpt>
   <trkpt lat="50.0613030" lon="19.9104500">
    <ele>203.6</ele>
    <time>2025-09-06T09:23:51Z</time>
    <extensions>
     <gpxtpx:TrackPointExtension>
      <gpxtpx:cad>0</gpxtpx:cad>
     </gpxtpx:TrackPointExtension>
    </extensions>
   </trkpt>
   <trkpt lat="50.0613220" lon="19.9104000">
    <ele>203.6</ele>
    <time>2025-09-06T09:23:52Z</time>
    <extensions>
     <gpxtpx:TrackPointExtension>
      <gpxtpx:cad>0</gpxtpx:cad>
     </gpxtpx:TrackPointExtension>
    </extensions>
   </trkpt>
   <trkpt lat="50.0613350" lon="19.9103480">
    <ele>203.6</ele>
    <time>2025-09-06T09:23:53Z</time>
    <extensions>
     <gpxtpx:TrackPointExtension>
      <gpxtpx:cad>67</gpxtpx:cad>
     </gpxtpx:TrackPointExtension>
    </extensions>
   </trkpt>
   <trkpt lat="50.0613450" lon="19.9102840">
    <ele>203.6</ele>
    <time>2025-09-06T09:23:54Z</time>
    <extensions>
     <gpxtpx:TrackPointExtension>
      <gpxtpx:cad>67</gpxtpx:cad>
     </gpxtpx:TrackPointExtension>
    </extensions>
   </trkpt>
   <trkpt lat="50.0613580" lon="19.9102140">
    <ele>203.6</ele>
    <time>2025-09-06T09:23:55Z</time>
    <extensions>
     <gpxtpx:TrackPointExtension>
      <gpxtpx:cad>89</gpxtpx:cad>
     </gpxtpx:TrackPointExtension>
    </extensions>
   </trkpt>
   <trkpt lat="50.0613680" lon="19.9101420">
    <ele>203.6</ele>
    <time>2025-09-06T09:23:56Z</time>
    <extensions>
     <gpxtpx:TrackPointExtension>
      <gpxtpx:cad>89</gpxtpx:cad>
     </gpxtpx:TrackPointExtension>
    </extensions>
   </trkpt>
   <trkpt lat="50.0613760" lon="19.9100650">
    <ele>203.6</ele>
    <time>2025-09-06T09:23:57Z</time>
    <extensions>
     <gpxtpx:TrackPointExtension>
      <gpxtpx:cad>89</gpxtpx:cad>
     </gpxtpx:TrackPointExtension>
    </extensions>
   </trkpt>
   <trkpt lat="50.0613830" lon="19.9099880">
    <ele>203.6</ele>
    <time>2025-09-06T09:23:58Z</time>
    <extensions>
     <gpxtpx:TrackPointExtension>
      <gpxtpx:cad>89</gpxtpx:cad>
     </gpxtpx:TrackPointExtension>
    </extensions>
   </trkpt>
   <trkpt lat="50.0613910" lon="19.9099090">
    <ele>203.6</ele>
    <time>2025-09-06T09:23:59Z</time>
    <extensions>
     <gpxtpx:TrackPointExtension>
      <gpxtpx:cad>87</gpxtpx:cad>
     </gpxtpx:TrackPointExtension>
    </extensions>
   </trkpt>
   <trkpt lat="50.0613940" lon="19.9098230">
    <ele>203.6</ele>
    <time>2025-09-06T09:24:00Z</time>
    <extensions>
     <gpxtpx:TrackPointExtension>
      <gpxtpx:cad>87</gpxtpx:cad>
     </gpxtpx:TrackPointExtension>
    </extensions>
   </trkpt>
   <trkpt lat="50.0613980" lon="19.9097490">
    <ele>203.6</ele>
    <time>2025-09-06T09:24:01Z</time>
    <extensions>
     <gpxtpx:TrackPointExtension>
      <gpxtpx:cad>86</gpxtpx:cad>
     </gpxtpx:TrackPointExtension>
    </extensions>
   </trkpt>
   <trkpt lat="50.0614060" lon="19.9096950">
    <ele>203.6</ele>
    <time>2025-09-06T09:24:02Z</time>
    <extensions>
     <gpxtpx:TrackPointExtension>
      <gpxtpx:cad>86</gpxtpx:cad>
     </gpxtpx:TrackPointExtension>
    </extensions>
   </trkpt>
   <trkpt lat="50.0614150" lon="19.9096310">
    <ele>203.6</ele>
    <time>2025-09-06T09:24:03Z</time>
    <extensions>
     <gpxtpx:TrackPointExtension>
      <gpxtpx:cad>87</gpxtpx:cad>
     </gpxtpx:TrackPointExtension>
    </extensions>
   </trkpt>
   <trkpt lat="50.0614250" lon="19.9095770">
    <ele>203.6</ele>
    <time>2025-09-06T09:24:04Z</time>
    <extensions>
     <gpxtpx:TrackPointExtension>
      <gpxtpx:cad>87</gpxtpx:cad>
     </gpxtpx:TrackPointExtension>
    </extensions>
   </trkpt>
   <trkpt lat="50.0614320" lon="19.9095180">
    <ele>203.6</ele>
    <time>2025-09-06T09:24:05Z</time>
    <extensions>
     <gpxtpx:TrackPointExtension>
      <gpxtpx:cad>85</gpxtpx:cad>
     </gpxtpx:TrackPointExtension>
    </extensions>
   </trkpt>
   <trkpt lat="50.0614220" lon="19.9094660">
    <ele>203.6</ele>
    <time>2025-09-06T09:24:06Z</time>
    <extensions>
     <gpxtpx:TrackPointExtension>
      <gpxtpx:cad>85</gpxtpx:cad>
     </gpxtpx:TrackPointExtension>
    </extensions>
   </trkpt>
   <trkpt lat="50.0614250" lon="19.9094440">
    <ele>203.6</ele>
    <time>2025-09-06T09:24:07Z</time>
    <extensions>
     <gpxtpx:TrackPointExtension>
      <gpxtpx:cad>86</gpxtpx:cad>
     </gpxtpx:TrackPointExtension>
    </extensions>
   </trkpt>
   <trkpt lat="50.0614620" lon="19.9094040">
    <ele>203.6</ele>
    <time>2025-09-06T09:24:08Z</time>
    <extensions>
     <gpxtpx:TrackPointExtension>
      <gpxtpx:cad>86</gpxtpx:cad>
     </gpxtpx:TrackPointExtension>
    </extensions>
   </trkpt>
   <trkpt lat="50.0614810" lon="19.9093420">
    <ele>203.6</ele>
    <time>2025-09-06T09:24:09Z</time>
    <extensions>
     <gpxtpx:TrackPointExtension>
      <gpxtpx:cad>85</gpxtpx:cad>
     </gpxtpx:TrackPointExtension>
    </extensions>
   </trkpt>
   <trkpt lat="50.0614850" lon="19.9093140">
    <ele>203.6</ele>
    <time>2025-09-06T09:24:10Z</time>
    <extensions>
     <gpxtpx:TrackPointExtension>
      <gpxtpx:cad>85</gpxtpx:cad>
     </gpxtpx:TrackPointExtension>
    </extensions>
   </trkpt>
   <trkpt lat="50.0614890" lon="19.9092610">
    <ele>203.7</ele>
    <time>2025-09-06T09:24:11Z</time>
    <extensions>
     <gpxtpx:TrackPointExtension>
      <gpxtpx:cad>85</gpxtpx:cad>
     </gpxtpx:TrackPointExtension>
    </extensions>
   </trkpt>
   <trkpt lat="50.0614930" lon="19.9092050">
    <ele>203.7</ele>
    <time>2025-09-06T09:24:12Z</time>
    <extensions>
     <gpxtpx:TrackPointExtension>
      <gpxtpx:cad>85</gpxtpx:cad>
     </gpxtpx:TrackPointExtension>
    </extensions>
   </trkpt>
   <trkpt lat="50.0614960" lon="19.9091560">
    <ele>203.7</ele>
    <time>2025-09-06T09:24:13Z</time>
    <extensions>
     <gpxtpx:TrackPointExtension>
      <gpxtpx:cad>85</gpxtpx:cad>
     </gpxtpx:TrackPointExtension>
    </extensions>
   </trkpt>
   <trkpt lat="50.0614990" lon="19.9091070">
    <ele>203.7</ele>
    <time>2025-09-06T09:24:14Z</time>
    <extensions>
     <gpxtpx:TrackPointExtension>
      <gpxtpx:cad>85</gpxtpx:cad>
     </gpxtpx:TrackPointExtension>
    </extensions>
   </trkpt>
   <trkpt lat="50.0615160" lon="19.9090410">
    <ele>203.7</ele>
    <time>2025-09-06T09:24:15Z</time>
    <extensions>
     <gpxtpx:TrackPointExtension>
      <gpxtpx:cad>86</gpxtpx:cad>
     </gpxtpx:TrackPointExtension>
    </extensions>
   </trkpt>
   <trkpt lat="50.0615270" lon="19.9090130">
    <ele>203.7</ele>
    <time>2025-09-06T09:24:16Z</time>
    <extensions>
     <gpxtpx:TrackPointExtension>
      <gpxtpx:cad>86</gpxtpx:cad>
     </gpxtpx:TrackPointExtension>
    </extensions>
   </trkpt>
   <trkpt lat="50.0615400" lon="19.9089610">
    <ele>203.7</ele>
    <time>2025-09-06T09:24:17Z</time>
    <extensions>
     <gpxtpx:TrackPointExtension>
      <gpxtpx:cad>85</gpxtpx:cad>
     </gpxtpx:TrackPointExtension>
    </extensions>
   </trkpt>
   <trkpt lat="50.0615440" lon="19.9089360">
    <ele>203.7</ele>
    <time>2025-09-06T09:24:18Z</time>
    <extensions>
     <gpxtpx:TrackPointExtension>
      <gpxtpx:cad>85</gpxtpx:cad>
     </gpxtpx:TrackPointExtension>
    </extensions>
   </trkpt>
   <trkpt lat="50.0615450" lon="19.9088830">
    <ele>203.7</ele>
    <time>2025-09-06T09:24:19Z</time>
    <extensions>
     <gpxtpx:TrackPointExtension>
      <gpxtpx:cad>86</gpxtpx:cad>
     </gpxtpx:TrackPointExtension>
    </extensions>
   </trkpt>
   <trkpt lat="50.0615410" lon="19.9088330">
    <ele>203.7</ele>
    <time>2025-09-06T09:24:20Z</time>
    <extensions>
     <gpxtpx:TrackPointExtension>
      <gpxtpx:cad>86</gpxtpx:cad>
     </gpxtpx:TrackPointExtension>
    </extensions>
   </trkpt>
   <trkpt lat="50.0615440" lon="19.9087680">
    <ele>203.8</ele>
    <time>2025-09-06T09:24:21Z</time>
    <extensions>
     <gpxtpx:TrackPointExtension>
      <gpxtpx:cad>86</gpxtpx:cad>
     </gpxtpx:TrackPointExtension>
    </extensions>
   </trkpt>
   <trkpt lat="50.0615450" lon="19.9087400">
    <ele>203.8</ele>
    <time>2025-09-06T09:24:22Z</time>
    <extensions>
     <gpxtpx:TrackPointExtension>
      <gpxtpx:cad>86</gpxtpx:cad>
     </gpxtpx:TrackPointExtension>
    </extensions>
   </trkpt>
   <trkpt lat="50.0615530" lon="19.9086890">
    <ele>203.8</ele>
    <time>2025-09-06T09:24:23Z</time>
    <extensions>
     <gpxtpx:TrackPointExtension>
      <gpxtpx:cad>86</gpxtpx:cad>
     </gpxtpx:TrackPointExtension>
    </extensions>
   </trkpt>
   <trkpt lat="50.0615580" lon="19.9086690">
    <ele>203.8</ele>
    <time>2025-09-06T09:24:24Z</time>
    <extensions>
     <gpxtpx:TrackPointExtension>
      <gpxtpx:cad>86</gpxtpx:cad>
     </gpxtpx:TrackPointExtension>
    </extensions>
   </trkpt>
   <trkpt lat="50.0615680" lon="19.9086250">
    <ele>203.8</ele>
    <time>2025-09-06T09:24:25Z</time>
    <extensions>
     <gpxtpx:TrackPointExtension>
      <gpxtpx:cad>85</gpxtpx:cad>
     </gpxtpx:TrackPointExtension>
    </extensions>
   </trkpt>
   <trkpt lat="50.0615760" lon="19.9085820">
    <ele>203.8</ele>
    <time>2025-09-06T09:24:26Z</time>
    <extensions>
     <gpxtpx:TrackPointExtension>
      <gpxtpx:cad>85</gpxtpx:cad>
     </gpxtpx:TrackPointExtension>
    </extensions>
   </trkpt>
   <trkpt lat="50.0615840" lon="19.9085370">
    <ele>203.8</ele>
    <time>2025-09-06T09:24:27Z</time>
    <extensions>
     <gpxtpx:TrackPointExtension>
      <gpxtpx:cad>85</gpxtpx:cad>
     </gpxtpx:TrackPointExtension>
    </extensions>
   </trkpt>
   <trkpt lat="50.0615940" lon="19.9084930">
    <ele>203.8</ele>
    <time>2025-09-06T09:24:28Z</time>
    <extensions>
     <gpxtpx:TrackPointExtension>
      <gpxtpx:cad>85</gpxtpx:cad>
     </gpxtpx:TrackPointExtension>
    </extensions>
   </trkpt>
   <trkpt lat="50.0616050" lon="19.9084490">
    <ele>203.8</ele>
    <time>2025-09-06T09:24:29Z</time>
    <extensions>
     <gpxtpx:TrackPointExtension>
      <gpxtpx:cad>84</gpxtpx:cad>
     </gpxtpx:TrackPointExtension>
    </extensions>
   </trkpt>
   <trkpt lat="50.0616130" lon="19.9084020">
    <ele>203.8</ele>
    <time>2025-09-06T09:24:30Z</time>
    <extensions>
     <gpxtpx:TrackPointExtension>
      <gpxtpx:cad>84</gpxtpx:cad>
     </gpxtpx:TrackPointExtension>
    </extensions>
   </trkpt>
   <trkpt lat="50.0616210" lon="19.9083440">
    <ele>203.8</ele>
    <time>2025-09-06T09:24:31Z</time>
    <extensions>
     <gpxtpx:TrackPointExtension>
      <gpxtpx:cad>85</gpxtpx:cad>
     </gpxtpx:TrackPointExtension>
    </extensions>
   </trkpt>
   <trkpt lat="50.0616240" lon="19.9083200">
    <ele>203.8</ele>
    <time>2025-09-06T09:24:32Z</time>
    <extensions>
     <gpxtpx:TrackPointExtension>
      <gpxtpx:cad>85</gpxtpx:cad>
     </gpxtpx:TrackPointExtension>
    </extensions>
   </trkpt>
   <trkpt lat="50.0616330" lon="19.9082780">
    <ele>203.8</ele>
    <time>2025-09-06T09:24:33Z</time>
    <extensions>
     <gpxtpx:TrackPointExtension>
      <gpxtpx:cad>85</gpxtpx:cad>
     </gpxtpx:TrackPointExtension>
    </extensions>
   </trkpt>
   <trkpt lat="50.0616440" lon="19.9082360">
    <ele>203.8</ele>
    <time>2025-09-06T09:24:34Z</time>
    <extensions>
     <gpxtpx:TrackPointExtension>
      <gpxtpx:cad>88</gpxtpx:cad>
     </gpxtpx:TrackPointExtension>
    </extensions>
   </trkpt>
   <trkpt lat="50.0616570" lon="19.9081750">
    <ele>203.8</ele>
    <time>2025-09-06T09:24:35Z</time>
    <extensions>
     <gpxtpx:TrackPointExtension>
      <gpxtpx:cad>88</gpxtpx:cad>
     </gpxtpx:TrackPointExtension>
    </extensions>
   </trkpt>
   <trkpt lat="50.0616600" lon="19.9081540">
    <ele>203.8</ele>
    <time>2025-09-06T09:24:36Z</time>
    <extensions>
     <gpxtpx:TrackPointExtension>
      <gpxtpx:cad>84</gpxtpx:cad>
     </gpxtpx:TrackPointExtension>
    </extensions>
   </trkpt>
   <trkpt lat="50.0616670" lon="19.9081130">
    <ele>203.8</ele>
    <time>2025-09-06T09:24:37Z</time>
    <extensions>
     <gpxtpx:TrackPointExtension>
      <gpxtpx:cad>84</gpxtpx:cad>
     </gpxtpx:TrackPointExtension>
    </extensions>
   </trkpt>
   <trkpt lat="50.0616740" lon="19.9080600">
    <ele>203.8</ele>
    <time>2025-09-06T09:24:38Z</time>
    <extensions>
     <gpxtpx:TrackPointExtension>
      <gpxtpx:cad>86</gpxtpx:cad>
     </gpxtpx:TrackPointExtension>
    </extensions>
   </trkpt>
   <trkpt lat="50.0616770" lon="19.9080370">
    <ele>203.8</ele>
    <time>2025-09-06T09:24:39Z</time>
    <extensions>
     <gpxtpx:TrackPointExtension>
      <gpxtpx:cad>86</gpxtpx:cad>
     </gpxtpx:TrackPointExtension>
    </extensions>
   </trkpt>
   <trkpt lat="50.0616840" lon="19.9079940">
    <ele>203.8</ele>
    <time>2025-09-06T09:24:40Z</time>
    <extensions>
     <gpxtpx:TrackPointExtension>
      <gpxtpx:cad>86</gpxtpx:cad>
     </gpxtpx:TrackPointExtension>
    </extensions>
   </trkpt>
   <trkpt lat="50.0616910" lon="19.9079510">
    <ele>203.8</ele>
    <time>2025-09-06T09:24:41Z</time>
    <extensions>
     <gpxtpx:TrackPointExtension>
      <gpxtpx:cad>86</gpxtpx:cad>
     </gpxtpx:TrackPointExtension>
    </extensions>
   </trkpt>
   <trkpt lat="50.0616970" lon="19.9079090">
    <ele>203.8</ele>
    <time>2025-09-06T09:24:42Z</time>
    <extensions>
     <gpxtpx:TrackPointExtension>
      <gpxtpx:cad>84</gpxtpx:cad>
     </gpxtpx:TrackPointExtension>
    </extensions>
   </trkpt>
   <trkpt lat="50.0617040" lon="19.9078640">
    <ele>203.8</ele>
    <time>2025-09-06T09:24:43Z</time>
    <extensions>
     <gpxtpx:TrackPointExtension>
      <gpxtpx:cad>84</gpxtpx:cad>
     </gpxtpx:TrackPointExtension>
    </extensions>
   </trkpt>
   <trkpt lat="50.0617110" lon="19.9078020">
    <ele>203.8</ele>
    <time>2025-09-06T09:24:44Z</time>
    <extensions>
     <gpxtpx:TrackPointExtension>
      <gpxtpx:cad>84</gpxtpx:cad>
     </gpxtpx:TrackPointExtension>
    </extensions>
   </trkpt>
   <trkpt lat="50.0617130" lon="19.9077790">
    <ele>203.8</ele>
    <time>2025-09-06T09:24:45Z</time>
    <extensions>
     <gpxtpx:TrackPointExtension>
      <gpxtpx:cad>84</gpxtpx:cad>
     </gpxtpx:TrackPointExtension>
    </extensions>
   </trkpt>
   <trkpt lat="50.0617180" lon="19.9077340">
    <ele>203.8</ele>
    <time>2025-09-06T09:24:46Z</time>
    <extensions>
     <gpxtpx:TrackPointExtension>
      <gpxtpx:cad>85</gpxtpx:cad>
     </gpxtpx:TrackPointExtension>
    </extensions>
   </trkpt>
   <trkpt lat="50.0617230" lon="19.9076910">
    <ele>203.8</ele>
    <time>2025-09-06T09:24:47Z</time>
    <extensions>
     <gpxtpx:TrackPointExtension>
      <gpxtpx:cad>85</gpxtpx:cad>
     </gpxtpx:TrackPointExtension>
    </extensions>
   </trkpt>
   <trkpt lat="50.0617300" lon="19.9076470">
    <ele>203.8</ele>
    <time>2025-09-06T09:24:48Z</time>
    <extensions>
     <gpxtpx:TrackPointExtension>
      <gpxtpx:cad>85</gpxtpx:cad>
     </gpxtpx:TrackPointExtension>
    </extensions>
   </trkpt>
   <trkpt lat="50.0617410" lon="19.9075930">
    <ele>203.8</ele>
    <time>2025-09-06T09:24:49Z</time>
    <extensions>
     <gpxtpx:TrackPointExtension>
      <gpxtpx:cad>85</gpxtpx:cad>
     </gpxtpx:TrackPointExtension>
    </extensions>
   </trkpt>
   <trkpt lat="50.0617440" lon="19.9075790">
    <ele>203.8</ele>
    <time>2025-09-06T09:24:50Z</time>
    <extensions>
     <gpxtpx:TrackPointExtension>
      <gpxtpx:cad>84</gpxtpx:cad>
     </gpxtpx:TrackPointExtension>
    </extensions>
   </trkpt>
   <trkpt lat="50.0617540" lon="19.9075400">
    <ele>203.8</ele>
    <time>2025-09-06T09:24:51Z</time>
    <extensions>
     <gpxtpx:TrackPointExtension>
      <gpxtpx:cad>84</gpxtpx:cad>
     </gpxtpx:TrackPointExtension>
    </extensions>
   </trkpt>
   <trkpt lat="50.0617680" lon="19.9074830">
    <ele>203.8</ele>
    <time>2025-09-06T09:24:52Z</time>
    <extensions>
     <gpxtpx:TrackPointExtension>
      <gpxtpx:cad>85</gpxtpx:cad>
     </gpxtpx:TrackPointExtension>
    </extensions>
   </trkpt>
   <trkpt lat="50.0617720" lon="19.9074620">
    <ele>203.8</ele>
    <time>2025-09-06T09:24:53Z</time>
    <extensions>
     <gpxtpx:TrackPointExtension>
      <gpxtpx:cad>85</gpxtpx:cad>
     </gpxtpx:TrackPointExtension>
    </extensions>
   </trkpt>
   <trkpt lat="50.0617810" lon="19.9074020">
    <ele>203.8</ele>
    <time>2025-09-06T09:24:54Z</time>
    <extensions>
     <gpxtpx:TrackPointExtension>
      <gpxtpx:cad>84</gpxtpx:cad>
     </gpxtpx:TrackPointExtension>
    </extensions>
   </trkpt>
   <trkpt lat="50.0617830" lon="19.9073810">
    <ele>203.8</ele>
    <time>2025-09-06T09:24:55Z</time>
    <extensions>
     <gpxtpx:TrackPointExtension>
      <gpxtpx:cad>84</gpxtpx:cad>
     </gpxtpx:TrackPointExtension>
    </extensions>
   </trkpt>
   <trkpt lat="50.0617880" lon="19.9073240">
    <ele>203.8</ele>
    <time>2025-09-06T09:24:56Z</time>
    <extensions>
     <gpxtpx:TrackPointExtension>
      <gpxtpx:cad>86</gpxtpx:cad>
     </gpxtpx:TrackPointExtension>
    </extensions>
   </trkpt>
   <trkpt lat="50.0617890" lon="19.9073070">
    <ele>203.8</ele>
    <time>2025-09-06T09:24:57Z</time>
    <extensions>
     <gpxtpx:TrackPointExtension>
      <gpxtpx:cad>86</gpxtpx:cad>
     </gpxtpx:TrackPointExtension>
    </extensions>
   </trkpt>
   <trkpt lat="50.0617920" lon="19.9072640">
    <ele>203.8</ele>
    <time>2025-09-06T09:24:58Z</time>
    <extensions>
     <gpxtpx:TrackPointExtension>
      <gpxtpx:cad>85</gpxtpx:cad>
     </gpxtpx:TrackPointExtension>
    </extensions>
   </trkpt>
   <trkpt lat="50.0617960" lon="19.9072180">
    <ele>203.8</ele>
    <time>2025-09-06T09:24:59Z</time>
    <extensions>
     <gpxtpx:TrackPointExtension>
      <gpxtpx:cad>85</gpxtpx:cad>
     </gpxtpx:TrackPointExtension>
    </extensions>
   </trkpt>
   <trkpt lat="50.0618000" lon="19.9071720">
    <ele>203.8</ele>
    <time>2025-09-06T09:25:00Z</time>
    <extensions>
     <gpxtpx:TrackPointExtension>
      <gpxtpx:cad>87</gpxtpx:cad>
     </gpxtpx:TrackPointExtension>
    </extensions>
   </trkpt>
   <trkpt lat="50.0618040" lon="19.9071270">
    <ele>203.8</ele>
    <time>2025-09-06T09:25:01Z</time>
    <extensions>
     <gpxtpx:TrackPointExtension>
      <gpxtpx:cad>87</gpxtpx:cad>
     </gpxtpx:TrackPointExtension>
    </extensions>
   </trkpt>
   <trkpt lat="50.0618070" lon="19.9070720">
    <ele>203.8</ele>
    <time>2025-09-06T09:25:02Z</time>
    <extensions>
     <gpxtpx:TrackPointExtension>
      <gpxtpx:cad>84</gpxtpx:cad>
     </gpxtpx:TrackPointExtension>
    </extensions>
   </trkpt>
   <trkpt lat="50.0618080" lon="19.9070560">
    <ele>203.8</ele>
    <time>2025-09-06T09:25:03Z</time>
    <extensions>
     <gpxtpx:TrackPointExtension>
      <gpxtpx:cad>84</gpxtpx:cad>
     </gpxtpx:TrackPointExtension>
    </extensions>
   </trkpt>
   <trkpt lat="50.0618130" lon="19.9070120">
    <ele>203.8</ele>
    <time>2025-09-06T09:25:04Z</time>
    <extensions>
     <gpxtpx:TrackPointExtension>
      <gpxtpx:cad>84</gpxtpx:cad>
     </gpxtpx:TrackPointExtension>
    </extensions>
   </trkpt>
   <trkpt lat="50.0618180" lon="19.9069700">
    <ele>203.8</ele>
    <time>2025-09-06T09:25:05Z</time>
    <extensions>
     <gpxtpx:TrackPointExtension>
      <gpxtpx:cad>84</gpxtpx:cad>
     </gpxtpx:TrackPointExtension>
    </extensions>
   </trkpt>
   <trkpt lat="50.0618230" lon="19.9069260">
    <ele>203.8</ele>
    <time>2025-09-06T09:25:06Z</time>
    <extensions>
     <gpxtpx:TrackPointExtension>
      <gpxtpx:cad>84</gpxtpx:cad>
     </gpxtpx:TrackPointExtension>
    </extensions>
   </trkpt>
   <trkpt lat="50.0618260" lon="19.9068840">
    <ele>203.8</ele>
    <time>2025-09-06T09:25:07Z</time>
    <extensions>
     <gpxtpx:TrackPointExtension>
      <gpxtpx:cad>84</gpxtpx:cad>
     </gpxtpx:TrackPointExtension>
    </extensions>
   </trkpt>
   <trkpt lat="50.0618280" lon="19.9068350">
    <ele>203.8</ele>
    <time>2025-09-06T09:25:08Z</time>
    <extensions>
     <gpxtpx:TrackPointExtension>
      <gpxtpx:cad>85</gpxtpx:cad>
     </gpxtpx:TrackPointExtension>
    </extensions>
   </trkpt>
   <trkpt lat="50.0618290" lon="19.9068140">
    <ele>203.8</ele>
    <time>2025-09-06T09:25:09Z</time>
    <extensions>
     <gpxtpx:TrackPointExtension>
      <gpxtpx:cad>85</gpxtpx:cad>
     </gpxtpx:TrackPointExtension>
    </extensions>
   </trkpt>
   <trkpt lat="50.0618370" lon="19.9067550">
    <ele>203.8</ele>
    <time>2025-09-06T09:25:10Z</time>
    <extensions>
     <gpxtpx:TrackPointExtension>
      <gpxtpx:cad>84</gpxtpx:cad>
     </gpxtpx:TrackPointExtension>
    </extensions>
   </trkpt>
   <trkpt lat="50.0618410" lon="19.9067350">
    <ele>203.8</ele>
    <time>2025-09-06T09:25:11Z</time>
    <extensions>
     <gpxtpx:TrackPointExtension>
      <gpxtpx:cad>84</gpxtpx:cad>
     </gpxtpx:TrackPointExtension>
    </extensions>
   </trkpt>
   <trkpt lat="50.0618530" lon="19.9066760">
    <ele>203.8</ele>
    <time>2025-09-06T09:25:12Z</time>
    <extensions>
     <gpxtpx:TrackPointExtension>
      <gpxtpx:cad>87</gpxtpx:cad>
     </gpxtpx:TrackPointExtension>
    </extensions>
   </trkpt>
   <trkpt lat="50.0618570" lon="19.9066570">
    <ele>203.8</ele>
    <time>2025-09-06T09:25:13Z</time>
    <extensions>
     <gpxtpx:TrackPointExtension>
      <gpxtpx:cad>87</gpxtpx:cad>
     </gpxtpx:TrackPointExtension>
    </extensions>
   </trkpt>
   <trkpt lat="50.0618730" lon="19.9066050">
    <ele>203.8</ele>
    <time>2025-09-06T09:25:14Z</time>
    <extensions>
     <gpxtpx:TrackPointExtension>
      <gpxtpx:cad>84</gpxtpx:cad>
     </gpxtpx:TrackPointExtension>
    </extensions>
   </trkpt>
   <trkpt lat="50.0618770" lon="19.9065890">
    <ele>203.8</ele>
    <time>2025-09-06T09:25:15Z</time>
    <extensions>
     <gpxtpx:TrackPointExtension>
      <gpxtpx:cad>84</gpxtpx:cad>
     </gpxtpx:TrackPointExtension>
    </extensions>
   </trkpt>
   <trkpt lat="50.0618890" lon="19.9065470">
    <ele>203.8</ele>
    <time>2025-09-06T09:25:16Z</time>
    <extensions>
     <gpxtpx:TrackPointExtension>
      <gpxtpx:cad>88</gpxtpx:cad>
     </gpxtpx:TrackPointExtension>
    </extensions>
   </trkpt>
   <trkpt lat="50.0618950" lon="19.9065240">
    <ele>203.8</ele>
    <time>2025-09-06T09:25:17Z</time>
    <extensions>
     <gpxtpx:TrackPointExtension>
      <gpxtpx:cad>88</gpxtpx:cad>
     </gpxtpx:TrackPointExtension>
    </extensions>
   </trkpt>
   <trkpt lat="50.0619080" lon="19.9064660">
    <ele>203.8</ele>
    <time>2025-09-06T09:25:18Z</time>
    <extensions>
     <gpxtpx:TrackPointExtension>
      <gpxtpx:cad>85</gpxtpx:cad>
     </gpxtpx:TrackPointExtension>
    </extensions>
   </trkpt>
   <trkpt lat="50.0619120" lon="19.9064460">
    <ele>203.8</ele>
    <time>2025-09-06T09:25:19Z</time>
    <extensions>
     <gpxtpx:TrackPointExtension>
      <gpxtpx:cad>85</gpxtpx:cad>
     </gpxtpx:TrackPointExtension>
    </extensions>
   </trkpt>
   <trkpt lat="50.0619250" lon="19.9063880">
    <ele>203.8</ele>
    <time>2025-09-06T09:25:20Z</time>
    <extensions>
     <gpxtpx:TrackPointExtension>
      <gpxtpx:cad>85</gpxtpx:cad>
     </gpxtpx:TrackPointExtension>
    </extensions>
   </trkpt>
   <trkpt lat="50.0619290" lon="19.9063680">
    <ele>203.8</ele>
    <time>2025-09-06T09:25:21Z</time>
    <extensions>
     <gpxtpx:TrackPointExtension>
      <gpxtpx:cad>85</gpxtpx:cad>
     </gpxtpx:TrackPointExtension>
    </extensions>
   </trkpt>
   <trkpt lat="50.0619370" lon="19.9063150">
    <ele>203.8</ele>
    <time>2025-09-06T09:25:22Z</time>
    <extensions>
     <gpxtpx:TrackPointExtension>
      <gpxtpx:cad>85</gpxtpx:cad>
     </gpxtpx:TrackPointExtension>
    </extensions>
   </trkpt>
   <trkpt lat="50.0619390" lon="19.9062920">
    <ele>203.8</ele>
    <time>2025-09-06T09:25:23Z</time>
    <extensions>
     <gpxtpx:TrackPointExtension>
      <gpxtpx:cad>85</gpxtpx:cad>
     </gpxtpx:TrackPointExtension>
    </extensions>
   </trkpt>
   <trkpt lat="50.0619400" lon="19.9062500">
    <ele>203.8</ele>
    <time>2025-09-06T09:25:24Z</time>
    <extensions>
     <gpxtpx:TrackPointExtension>
      <gpxtpx:cad>84</gpxtpx:cad>
     </gpxtpx:TrackPointExtension>
    </extensions>
   </trkpt>
   <trkpt lat="50.0619450" lon="19.9061870">
    <ele>203.8</ele>
    <time>2025-09-06T09:25:25Z</time>
    <extensions>
     <gpxtpx:TrackPointExtension>
      <gpxtpx:cad>84</gpxtpx:cad>
     </gpxtpx:TrackPointExtension>
    </extensions>
   </trkpt>
   <trkpt lat="50.0619470" lon="19.9061660">
    <ele>203.8</ele>
    <time>2025-09-06T09:25:26Z</time>
    <extensions>
     <gpxtpx:TrackPointExtension>
      <gpxtpx:cad>84</gpxtpx:cad>
     </gpxtpx:TrackPointExtension>
    </extensions>
   </trkpt>
   <trkpt lat="50.0619500" lon="19.9061110">
    <ele>203.8</ele>
    <time>2025-09-06T09:25:27Z</time>
    <extensions>
     <gpxtpx:TrackPointExtension>
      <gpxtpx:cad>84</gpxtpx:cad>
     </gpxtpx:TrackPointExtension>
    </extensions>
   </trkpt>
   <trkpt lat="50.0619500" lon="19.9060910">
    <ele>203.8</ele>
    <time>2025-09-06T09:25:28Z</time>
    <extensions>
     <gpxtpx:TrackPointExtension>
      <gpxtpx:cad>84</gpxtpx:cad>
     </gpxtpx:TrackPointExtension>
    </extensions>
   </trkpt>
   <trkpt lat="50.0619540" lon="19.9060290">
    <ele>203.8</ele>
    <time>2025-09-06T09:25:29Z</time>
    <extensions>
     <gpxtpx:TrackPointExtension>
      <gpxtpx:cad>84</gpxtpx:cad>
     </gpxtpx:TrackPointExtension>
    </extensions>
   </trkpt>
   <trkpt lat="50.0619540" lon="19.9060080">
    <ele>203.8</ele>
    <time>2025-09-06T09:25:30Z</time>
    <extensions>
     <gpxtpx:TrackPointExtension>
      <gpxtpx:cad>84</gpxtpx:cad>
     </gpxtpx:TrackPointExtension>
    </extensions>
   </trkpt>
   <trkpt lat="50.0619560" lon="19.9059500">
    <ele>203.8</ele>
    <time>2025-09-06T09:25:31Z</time>
    <extensions>
     <gpxtpx:TrackPointExtension>
      <gpxtpx:cad>84</gpxtpx:cad>
     </gpxtpx:TrackPointExtension>
    </extensions>
   </trkpt>
   <trkpt lat="50.0619570" lon="19.9059330">
    <ele>203.8</ele>
    <time>2025-09-06T09:25:32Z</time>
    <extensions>
     <gpxtpx:TrackPointExtension>
      <gpxtpx:cad>83</gpxtpx:cad>
     </gpxtpx:TrackPointExtension>
    </extensions>
   </trkpt>
   <trkpt lat="50.0619600" lon="19.9058910">
    <ele>203.8</ele>
    <time>2025-09-06T09:25:33Z</time>
    <extensions>
     <gpxtpx:TrackPointExtension>
      <gpxtpx:cad>83</gpxtpx:cad>
     </gpxtpx:TrackPointExtension>
    </extensions>
   </trkpt>
   <trkpt lat="50.0619670" lon="19.9058300">
    <ele>203.8</ele>
    <time>2025-09-06T09:25:34Z</time>
    <extensions>
     <gpxtpx:TrackPointExtension>
      <gpxtpx:cad>84</gpxtpx:cad>
     </gpxtpx:TrackPointExtension>
    </extensions>
   </trkpt>
   <trkpt lat="50.0619700" lon="19.9058090">
    <ele>203.8</ele>
    <time>2025-09-06T09:25:35Z</time>
    <extensions>
     <gpxtpx:TrackPointExtension>
      <gpxtpx:cad>84</gpxtpx:cad>
     </gpxtpx:TrackPointExtension>
    </extensions>
   </trkpt>
   <trkpt lat="50.0619760" lon="19.9057520">
    <ele>203.8</ele>
    <time>2025-09-06T09:25:36Z</time>
    <extensions>
     <gpxtpx:TrackPointExtension>
      <gpxtpx:cad>83</gpxtpx:cad>
     </gpxtpx:TrackPointExtension>
    </extensions>
   </trkpt>
   <trkpt lat="50.0619780" lon="19.9057370">
    <ele>203.8</ele>
    <time>2025-09-06T09:25:37Z</time>
    <extensions>
     <gpxtpx:TrackPointExtension>
      <gpxtpx:cad>83</gpxtpx:cad>
     </gpxtpx:TrackPointExtension>
    </extensions>
   </trkpt>
   <trkpt lat="50.0619850" lon="19.9056910">
    <ele>203.8</ele>
    <time>2025-09-06T09:25:38Z</time>
    <extensions>
     <gpxtpx:TrackPointExtension>
      <gpxtpx:cad>83</gpxtpx:cad>
     </gpxtpx:TrackPointExtension>
    </extensions>
   </trkpt>
   <trkpt lat="50.0619920" lon="19.9056480">
    <ele>203.8</ele>
    <time>2025-09-06T09:25:39Z</time>
    <extensions>
     <gpxtpx:TrackPointExtension>
      <gpxtpx:cad>83</gpxtpx:cad>
     </gpxtpx:TrackPointExtension>
    </extensions>
   </trkpt>
   <trkpt lat="50.0619990" lon="19.9056050">
    <ele>203.8</ele>
    <time>2025-09-06T09:25:40Z</time>
    <extensions>
     <gpxtpx:TrackPointExtension>
      <gpxtpx:cad>83</gpxtpx:cad>
     </gpxtpx:TrackPointExtension>
    </extensions>
   </trkpt>
   <trkpt lat="50.0620140" lon="19.9055500">
    <ele>203.8</ele>
    <time>2025-09-06T09:25:41Z</time>
    <extensions>
     <gpxtpx:TrackPointExtension>
      <gpxtpx:cad>83</gpxtpx:cad>
     </gpxtpx:TrackPointExtension>
    </extensions>
   </trkpt>
   <trkpt lat="50.0620200" lon="19.9055300">
    <ele>203.8</ele>
    <time>2025-09-06T09:25:42Z</time>
    <extensions>
     <gpxtpx:TrackPointExtension>
      <gpxtpx:cad>83</gpxtpx:cad>
     </gpxtpx:TrackPointExtension>
    </extensions>
   </trkpt>
   <trkpt lat="50.0620310" lon="19.9054870">
    <ele>203.8</ele>
    <time>2025-09-06T09:25:43Z</time>
    <extensions>
     <gpxtpx:TrackPointExtension>
      <gpxtpx:cad>83</gpxtpx:cad>
     </gpxtpx:TrackPointExtension>
    </extensions>
   </trkpt>
   <trkpt lat="50.0620420" lon="19.9054440">
    <ele>203.8</ele>
    <time>2025-09-06T09:25:44Z</time>
    <extensions>
     <gpxtpx:TrackPointExtension>
      <gpxtpx:cad>82</gpxtpx:cad>
     </gpxtpx:TrackPointExtension>
    </extensions>
   </trkpt>
   <trkpt lat="50.0620540" lon="19.9053920">
    <ele>203.8</ele>
    <time>2025-09-06T09:25:45Z</time>
    <extensions>
     <gpxtpx:TrackPointExtension>
      <gpxtpx:cad>82</gpxtpx:cad>
     </gpxtpx:TrackPointExtension>
    </extensions>
   </trkpt>
   <trkpt lat="50.0620590" lon="19.9053700">
    <ele>203.8</ele>
    <time>2025-09-06T09:25:46Z</time>
    <extensions>
     <gpxtpx:TrackPointExtension>
      <gpxtpx:cad>81</gpxtpx:cad>
     </gpxtpx:TrackPointExtension>
    </extensions>
   </trkpt>
   <trkpt lat="50.0620680" lon="19.9053120">
    <ele>203.8</ele>
    <time>2025-09-06T09:25:47Z</time>
    <extensions>
     <gpxtpx:TrackPointExtension>
      <gpxtpx:cad>81</gpxtpx:cad>
     </gpxtpx:TrackPointExtension>
    </extensions>
   </trkpt>
   <trkpt lat="50.0620700" lon="19.9052950">
    <ele>203.8</ele>
    <time>2025-09-06T09:25:48Z</time>
    <extensions>
     <gpxtpx:TrackPointExtension>
      <gpxtpx:cad>81</gpxtpx:cad>
     </gpxtpx:TrackPointExtension>
    </extensions>
   </trkpt>
   <trkpt lat="50.0620790" lon="19.9052350">
    <ele>203.8</ele>
    <time>2025-09-06T09:25:49Z</time>
    <extensions>
     <gpxtpx:TrackPointExtension>
      <gpxtpx:cad>81</gpxtpx:cad>
     </gpxtpx:TrackPointExtension>
    </extensions>
   </trkpt>
   <trkpt lat="50.0620830" lon="19.9052140">
    <ele>203.8</ele>
    <time>2025-09-06T09:25:50Z</time>
    <extensions>
     <gpxtpx:TrackPointExtension>
      <gpxtpx:cad>82</gpxtpx:cad>
     </gpxtpx:TrackPointExtension>
    </extensions>
   </trkpt>
   <trkpt lat="50.0620950" lon="19.9051580">
    <ele>203.8</ele>
    <time>2025-09-06T09:25:51Z</time>
    <extensions>
     <gpxtpx:TrackPointExtension>
      <gpxtpx:cad>82</gpxtpx:cad>
     </gpxtpx:TrackPointExtension>
    </extensions>
   </trkpt>
   <trkpt lat="50.0620980" lon="19.9051420">
    <ele>203.8</ele>
    <time>2025-09-06T09:25:52Z</time>
    <extensions>
     <gpxtpx:TrackPointExtension>
      <gpxtpx:cad>82</gpxtpx:cad>
     </gpxtpx:TrackPointExtension>
    </extensions>
   </trkpt>
   <trkpt lat="50.0621180" lon="19.9050910">
    <ele>203.8</ele>
    <time>2025-09-06T09:25:53Z</time>
    <extensions>
     <gpxtpx:TrackPointExtension>
      <gpxtpx:cad>82</gpxtpx:cad>
     </gpxtpx:TrackPointExtension>
    </extensions>
   </trkpt>
   <trkpt lat="50.0621240" lon="19.9050750">
    <ele>203.8</ele>
    <time>2025-09-06T09:25:54Z</time>
    <extensions>
     <gpxtpx:TrackPointExtension>
      <gpxtpx:cad>82</gpxtpx:cad>
     </gpxtpx:TrackPointExtension>
    </extensions>
   </trkpt>
   <trkpt lat="50.0621350" lon="19.9050200">
    <ele>203.8</ele>
    <time>2025-09-06T09:25:55Z</time>
    <extensions>
     <gpxtpx:TrackPointExtension>
      <gpxtpx:cad>82</gpxtpx:cad>
     </gpxtpx:TrackPointExtension>
    </extensions>
   </trkpt>
   <trkpt lat="50.0621340" lon="19.9050000">
    <ele>203.8</ele>
    <time>2025-09-06T09:25:56Z</time>
    <extensions>
     <gpxtpx:TrackPointExtension>
      <gpxtpx:cad>84</gpxtpx:cad>
     </gpxtpx:TrackPointExtension>
    </extensions>
   </trkpt>
   <trkpt lat="50.0621400" lon="19.9049580">
    <ele>203.8</ele>
    <time>2025-09-06T09:25:57Z</time>
    <extensions>
     <gpxtpx:TrackPointExtension>
      <gpxtpx:cad>84</gpxtpx:cad>
     </gpxtpx:TrackPointExtension>
    </extensions>
   </trkpt>
   <trkpt lat="50.0621490" lon="19.9048970">
    <ele>203.8</ele>
    <time>2025-09-06T09:25:58Z</time>
    <extensions>
     <gpxtpx:TrackPointExtension>
      <gpxtpx:cad>79</gpxtpx:cad>
     </gpxtpx:TrackPointExtension>
    </extensions>
   </trkpt>
   <trkpt lat="50.0621510" lon="19.9048750">
    <ele>203.8</ele>
    <time>2025-09-06T09:25:59Z</time>
    <extensions>
     <gpxtpx:TrackPointExtension>
      <gpxtpx:cad>79</gpxtpx:cad>
     </gpxtpx:TrackPointExtension>
    </extensions>
   </trkpt>
   <trkpt lat="50.0621600" lon="19.9048220">
    <ele>203.8</ele>
    <time>2025-09-06T09:26:00Z</time>
    <extensions>
     <gpxtpx:TrackPointExtension>
      <gpxtpx:cad>84</gpxtpx:cad>
     </gpxtpx:TrackPointExtension>
    </extensions>
   </trkpt>
   <trkpt lat="50.0621620" lon="19.9048080">
    <ele>203.8</ele>
    <time>2025-09-06T09:26:01Z</time>
    <extensions>
     <gpxtpx:TrackPointExtension>
      <gpxtpx:cad>84</gpxtpx:cad>
     </gpxtpx:TrackPointExtension>
    </extensions>
   </trkpt>
   <trkpt lat="50.0621710" lon="19.9047670">
    <ele>203.8</ele>
    <time>2025-09-06T09:26:02Z</time>
    <extensions>
     <gpxtpx:TrackPointExtension>
      <gpxtpx:cad>83</gpxtpx:cad>
     </gpxtpx:TrackPointExtension>
    </extensions>
   </trkpt>
   <trkpt lat="50.0621830" lon="19.9047090">
    <ele>203.8</ele>
    <time>2025-09-06T09:26:03Z</time>
    <extensions>
     <gpxtpx:TrackPointExtension>
      <gpxtpx:cad>83</gpxtpx:cad>
     </gpxtpx:TrackPointExtension>
    </extensions>
   </trkpt>
   <trkpt lat="50.0621860" lon="19.9046890">
    <ele>203.8</ele>
    <time>2025-09-06T09:26:04Z</time>
    <extensions>
     <gpxtpx:TrackPointExtension>
      <gpxtpx:cad>83</gpxtpx:cad>
     </gpxtpx:TrackPointExtension>
    </extensions>
   </trkpt>
   <trkpt lat="50.0621910" lon="19.9046460">
    <ele>203.8</ele>
    <time>2025-09-06T09:26:05Z</time>
    <extensions>
     <gpxtpx:TrackPointExtension>
      <gpxtpx:cad>83</gpxtpx:cad>
     </gpxtpx:TrackPointExtension>
    </extensions>
   </trkpt>
   <trkpt lat="50.0621980" lon="19.9046000">
    <ele>203.8</ele>
    <time>2025-09-06T09:26:06Z</time>
    <extensions>
     <gpxtpx:TrackPointExtension>
      <gpxtpx:cad>80</gpxtpx:cad>
     </gpxtpx:TrackPointExtension>
    </extensions>
   </trkpt>
   <trkpt lat="50.0622010" lon="19.9045750">
    <ele>203.8</ele>
    <time>2025-09-06T09:26:07Z</time>
    <extensions>
     <gpxtpx:TrackPointExtension>
      <gpxtpx:cad>80</gpxtpx:cad>
     </gpxtpx:TrackPointExtension>
    </extensions>
   </trkpt>
   <trkpt lat="50.0622070" lon="19.9045320">
    <ele>203.8</ele>
    <time>2025-09-06T09:26:08Z</time>
    <extensions>
     <gpxtpx:TrackPointExtension>
      <gpxtpx:cad>85</gpxtpx:cad>
     </gpxtpx:TrackPointExtension>
    </extensions>
   </trkpt>
   <trkpt lat="50.0622120" lon="19.9044870">
    <ele>203.8</ele>
    <time>2025-09-06T09:26:09Z</time>
    <extensions>
     <gpxtpx:TrackPointExtension>
      <gpxtpx:cad>85</gpxtpx:cad>
     </gpxtpx:TrackPointExtension>
    </extensions>
   </trkpt>
   <trkpt lat="50.0622170" lon="19.9044360">
    <ele>203.8</ele>
    <time>2025-09-06T09:26:10Z</time>
    <extensions>
     <gpxtpx:TrackPointExtension>
      <gpxtpx:cad>86</gpxtpx:cad>
     </gpxtpx:TrackPointExtension>
    </extensions>
   </trkpt>
   <trkpt lat="50.0622170" lon="19.9044140">
    <ele>203.8</ele>
    <time>2025-09-06T09:26:11Z</time>
    <extensions>
     <gpxtpx:TrackPointExtension>
      <gpxtpx:cad>86</gpxtpx:cad>
     </gpxtpx:TrackPointExtension>
    </extensions>
   </trkpt>
   <trkpt lat="50.0622180" lon="19.9043930">
    <ele>203.8</ele>
    <time>2025-09-06T09:26:12Z</time>
    <extensions>
     <gpxtpx:TrackPointExtension>
      <gpxtpx:cad>83</gpxtpx:cad>
     </gpxtpx:TrackPointExtension>
    </extensions>
   </trkpt>
   <trkpt lat="50.0622220" lon="19.9043310">
    <ele>203.8</ele>
    <time>2025-09-06T09:26:13Z</time>
    <extensions>
     <gpxtpx:TrackPointExtension>
      <gpxtpx:cad>83</gpxtpx:cad>
     </gpxtpx:TrackPointExtension>
    </extensions>
   </trkpt>
   <trkpt lat="50.0622250" lon="19.9042800">
    <ele>203.8</ele>
    <time>2025-09-06T09:26:14Z</time>
    <extensions>
     <gpxtpx:TrackPointExtension>
      <gpxtpx:cad>84</gpxtpx:cad>
     </gpxtpx:TrackPointExtension>
    </extensions>
   </trkpt>
   <trkpt lat="50.0622270" lon="19.9042250">
    <ele>203.9</ele>
    <time>2025-09-06T09:26:15Z</time>
    <extensions>
     <gpxtpx:TrackPointExtension>
      <gpxtpx:cad>84</gpxtpx:cad>
     </gpxtpx:TrackPointExtension>
    </extensions>
   </trkpt>
   <trkpt lat="50.0622260" lon="19.9042030">
    <ele>203.9</ele>
    <time>2025-09-06T09:26:16Z</time>
    <extensions>
     <gpxtpx:TrackPointExtension>
      <gpxtpx:cad>83</gpxtpx:cad>
     </gpxtpx:TrackPointExtension>
    </extensions>
   </trkpt>
   <trkpt lat="50.0622250" lon="19.9041590">
    <ele>203.9</ele>
    <time>2025-09-06T09:26:17Z</time>
    <extensions>
     <gpxtpx:TrackPointExtension>
      <gpxtpx:cad>83</gpxtpx:cad>
     </gpxtpx:TrackPointExtension>
    </extensions>
   </trkpt>
   <trkpt lat="50.0622240" lon="19.9041150">
    <ele>203.9</ele>
    <time>2025-09-06T09:26:18Z</time>
    <extensions>
     <gpxtpx:TrackPointExtension>
      <gpxtpx:cad>85</gpxtpx:cad>
     </gpxtpx:TrackPointExtension>
    </extensions>
   </trkpt>
   <trkpt lat="50.0622260" lon="19.9040550">
    <ele>203.9</ele>
    <time>2025-09-06T09:26:19Z</time>
    <extensions>
     <gpxtpx:TrackPointExtension>
      <gpxtpx:cad>85</gpxtpx:cad>
     </gpxtpx:TrackPointExtension>
    </extensions>
   </trkpt>
   <trkpt lat="50.0622270" lon="19.9040320">
    <ele>203.9</ele>
    <time>2025-09-06T09:26:20Z</time>
    <extensions>
     <gpxtpx:TrackPointExtension>
      <gpxtpx:cad>83</gpxtpx:cad>
     </gpxtpx:TrackPointExtension>
    </extensions>
   </trkpt>
   <trkpt lat="50.0622310" lon="19.9039840">
    <ele>203.9</ele>
    <time>2025-09-06T09:26:22Z</time>
    <extensions>
     <gpxtpx:TrackPointExtension>
      <gpxtpx:cad>83</gpxtpx:cad>
     </gpxtpx:TrackPointExtension>
    </extensions>
   </trkpt>
   <trkpt lat="50.0622430" lon="19.9039450">
    <ele>203.9</ele>
    <time>2025-09-06T09:26:23Z</time>
    <extensions>
     <gpxtpx:TrackPointExtension>
      <gpxtpx:cad>83</gpxtpx:cad>
     </gpxtpx:TrackPointExtension>
    </extensions>
   </trkpt>
   <trkpt lat="50.0622600" lon="19.9038940">
    <ele>203.9</ele>
    <time>2025-09-06T09:26:24Z</time>
    <extensions>
     <gpxtpx:TrackPointExtension>
      <gpxtpx:cad>84</gpxtpx:cad>
     </gpxtpx:TrackPointExtension>
    </extensions>
   </trkpt>
   <trkpt lat="50.0622700" lon="19.9038520">
    <ele>203.9</ele>
    <time>2025-09-06T09:26:25Z</time>
    <extensions>
     <gpxtpx:TrackPointExtension>
      <gpxtpx:cad>84</gpxtpx:cad>
     </gpxtpx:TrackPointExtension>
    </extensions>
   </trkpt>
   <trkpt lat="50.0622830" lon="19.9038060">
    <ele>203.9</ele>
    <time>2025-09-06T09:26:26Z</time>
    <extensions>
     <gpxtpx:TrackPointExtension>
      <gpxtpx:cad>83</gpxtpx:cad>
     </gpxtpx:TrackPointExtension>
    </extensions>
   </trkpt>
   <trkpt lat="50.0622980" lon="19.9037620">
    <ele>203.9</ele>
    <time>2025-09-06T09:26:27Z</time>
    <extensions>
     <gpxtpx:TrackPointExtension>
      <gpxtpx:cad>83</gpxtpx:cad>
     </gpxtpx:TrackPointExtension>
    </extensions>
   </trkpt>
   <trkpt lat="50.0623130" lon="19.9037200">
    <ele>203.9</ele>
    <time>2025-09-06T09:26:28Z</time>
    <extensions>
     <gpxtpx:TrackPointExtension>
      <gpxtpx:cad>84</gpxtpx:cad>
     </gpxtpx:TrackPointExtension>
    </extensions>
   </trkpt>
   <trkpt lat="50.0623270" lon="19.9036780">
    <ele>203.9</ele>
    <time>2025-09-06T09:26:29Z</time>
    <extensions>
     <gpxtpx:TrackPointExtension>
      <gpxtpx:cad>84</gpxtpx:cad>
     </gpxtpx:TrackPointExtension>
    </extensions>
   </trkpt>
   <trkpt lat="50.0623410" lon="19.9036270">
    <ele>203.9</ele>
    <time>2025-09-06T09:26:30Z</time>
    <extensions>
     <gpxtpx:TrackPointExtension>
      <gpxtpx:cad>81</gpxtpx:cad>
     </gpxtpx:TrackPointExtension>
    </extensions>
   </trkpt>
   <trkpt lat="50.0623550" lon="19.9035790">
    <ele>204.0</ele>
    <time>2025-09-06T09:26:31Z</time>
    <extensions>
     <gpxtpx:TrackPointExtension>
      <gpxtpx:cad>81</gpxtpx:cad>
     </gpxtpx:TrackPointExtension>
    </extensions>
   </trkpt>
   <trkpt lat="50.0623700" lon="19.9035350">
    <ele>204.0</ele>
    <time>2025-09-06T09:26:32Z</time>
    <extensions>
     <gpxtpx:TrackPointExtension>
      <gpxtpx:cad>83</gpxtpx:cad>
     </gpxtpx:TrackPointExtension>
    </extensions>
   </trkpt>
   <trkpt lat="50.0623840" lon="19.9034750">
    <ele>204.0</ele>
    <time>2025-09-06T09:26:33Z</time>
    <extensions>
     <gpxtpx:TrackPointExtension>
      <gpxtpx:cad>83</gpxtpx:cad>
     </gpxtpx:TrackPointExtension>
    </extensions>
   </trkpt>
   <trkpt lat="50.0623890" lon="19.9034480">
    <ele>204.0</ele>
    <time>2025-09-06T09:26:34Z</time>
    <extensions>
     <gpxtpx:TrackPointExtension>
      <gpxtpx:cad>82</gpxtpx:cad>
     </gpxtpx:TrackPointExtension>
    </extensions>
   </trkpt>
   <trkpt lat="50.0623990" lon="19.9033970">
    <ele>204.0</ele>
    <time>2025-09-06T09:26:35Z</time>
    <extensions>
     <gpxtpx:TrackPointExtension>
      <gpxtpx:cad>82</gpxtpx:cad>
     </gpxtpx:TrackPointExtension>
    </extensions>
   </trkpt>
   <trkpt lat="50.0624080" lon="19.9033480">
    <ele>204.0</ele>
    <time>2025-09-06T09:26:36Z</time>
    <extensions>
     <gpxtpx:TrackPointExtension>
      <gpxtpx:cad>82</gpxtpx:cad>
     </gpxtpx:TrackPointExtension>
    </extensions>
   </trkpt>
   <trkpt lat="50.0624160" lon="19.9033060">
    <ele>204.0</ele>
    <time>2025-09-06T09:26:37Z</time>
    <extensions>
     <gpxtpx:TrackPointExtension>
      <gpxtpx:cad>82</gpxtpx:cad>
     </gpxtpx:TrackPointExtension>
    </extensions>
   </trkpt>
   <trkpt lat="50.0624240" lon="19.9032560">
    <ele>204.1</ele>
    <time>2025-09-06T09:26:38Z</time>
    <extensions>
     <gpxtpx:TrackPointExtension>
      <gpxtpx:cad>83</gpxtpx:cad>
     </gpxtpx:TrackPointExtension>
    </extensions>
   </trkpt>
   <trkpt lat="50.0624320" lon="19.9032060">
    <ele>204.1</ele>
    <time>2025-09-06T09:26:39Z</time>
    <extensions>
     <gpxtpx:TrackPointExtension>
      <gpxtpx:cad>83</gpxtpx:cad>
     </gpxtpx:TrackPointExtension>
    </extensions>
   </trkpt>
   <trkpt lat="50.0624370" lon="19.9031540">
    <ele>204.1</ele>
    <time>2025-09-06T09:26:40Z</time>
    <extensions>
     <gpxtpx:TrackPointExtension>
      <gpxtpx:cad>81</gpxtpx:cad>
     </gpxtpx:TrackPointExtension>
    </extensions>
   </trkpt>
   <trkpt lat="50.0624390" lon="19.9030880">
    <ele>204.1</ele>
    <time>2025-09-06T09:26:41Z</time>
    <extensions>
     <gpxtpx:TrackPointExtension>
      <gpxtpx:cad>81</gpxtpx:cad>
     </gpxtpx:TrackPointExtension>
    </extensions>
   </trkpt>
   <trkpt lat="50.0624390" lon="19.9030600">
    <ele>204.1</ele>
    <time>2025-09-06T09:26:42Z</time>
    <extensions>
     <gpxtpx:TrackPointExtension>
      <gpxtpx:cad>82</gpxtpx:cad>
     </gpxtpx:TrackPointExtension>
    </extensions>
   </trkpt>
   <trkpt lat="50.0624390" lon="19.9030100">
    <ele>204.1</ele>
    <time>2025-09-06T09:26:43Z</time>
    <extensions>
     <gpxtpx:TrackPointExtension>
      <gpxtpx:cad>82</gpxtpx:cad>
     </gpxtpx:TrackPointExtension>
    </extensions>
   </trkpt>
   <trkpt lat="50.0624410" lon="19.9029690">
    <ele>204.2</ele>
    <time>2025-09-06T09:26:44Z</time>
    <extensions>
     <gpxtpx:TrackPointExtension>
      <gpxtpx:cad>84</gpxtpx:cad>
     </gpxtpx:TrackPointExtension>
    </extensions>
   </trkpt>
   <trkpt lat="50.0624470" lon="19.9029660">
    <ele>204.2</ele>
    <time>2025-09-06T09:26:45Z</time>
    <extensions>
     <gpxtpx:TrackPointExtension>
      <gpxtpx:cad>84</gpxtpx:cad>
     </gpxtpx:TrackPointExtension>
    </extensions>
   </trkpt>
   <trkpt lat="50.0624620" lon="19.9028960">
    <ele>204.2</ele>
    <time>2025-09-06T09:26:46Z</time>
    <extensions>
     <gpxtpx:TrackPointExtension>
      <gpxtpx:cad>83</gpxtpx:cad>
     </gpxtpx:TrackPointExtension>
    </extensions>
   </trkpt>
   <trkpt lat="50.0624690" lon="19.9028420">
    <ele>204.2</ele>
    <time>2025-09-06T09:26:47Z</time>
    <extensions>
     <gpxtpx:TrackPointExtension>
      <gpxtpx:cad>83</gpxtpx:cad>
     </gpxtpx:TrackPointExtension>
    </extensions>
   </trkpt>
   <trkpt lat="50.0624740" lon="19.9027900">
    <ele>204.2</ele>
    <time>2025-09-06T09:26:48Z</time>
    <extensions>
     <gpxtpx:TrackPointExtension>
      <gpxtpx:cad>83</gpxtpx:cad>
     </gpxtpx:TrackPointExtension>
    </extensions>
   </trkpt>
   <trkpt lat="50.0624810" lon="19.9027440">
    <ele>204.2</ele>
    <time>2025-09-06T09:26:49Z</time>
    <extensions>
     <gpxtpx:TrackPointExtension>
      <gpxtpx:cad>83</gpxtpx:cad>
     </gpxtpx:TrackPointExtension>
    </extensions>
   </trkpt>
   <trkpt lat="50.0624870" lon="19.9027180">
    <ele>204.2</ele>
    <time>2025-09-06T09:26:50Z</time>
    <extensions>
     <gpxtpx:TrackPointExtension>
      <gpxtpx:cad>83</gpxtpx:cad>
     </gpxtpx:TrackPointExtension>
    </extensions>
   </trkpt>
   <trkpt lat="50.0624940" lon="19.9026620">
    <ele>204.2</ele>
    <time>2025-09-06T09:26:51Z</time>
    <extensions>
     <gpxtpx:TrackPointExtension>
      <gpxtpx:cad>83</gpxtpx:cad>
     </gpxtpx:TrackPointExtension>
    </extensions>
   </trkpt>
   <trkpt lat="50.0624940" lon="19.9026110">
    <ele>204.2</ele>
    <time>2025-09-06T09:26:52Z</time>
    <extensions>
     <gpxtpx:TrackPointExtension>
      <gpxtpx:cad>81</gpxtpx:cad>
     </gpxtpx:TrackPointExtension>
    </extensions>
   </trkpt>
   <trkpt lat="50.0624900" lon="19.9025590">
    <ele>204.2</ele>
    <time>2025-09-06T09:26:53Z</time>
    <extensions>
     <gpxtpx:TrackPointExtension>
      <gpxtpx:cad>81</gpxtpx:cad>
     </gpxtpx:TrackPointExtension>
    </extensions>
   </trkpt>
   <trkpt lat="50.0624910" lon="19.9024980">
    <ele>204.2</ele>
    <time>2025-09-06T09:26:54Z</time>
    <extensions>
     <gpxtpx:TrackPointExtension>
      <gpxtpx:cad>83</gpxtpx:cad>
     </gpxtpx:TrackPointExtension>
    </extensions>
   </trkpt>
   <trkpt lat="50.0624910" lon="19.9024740">
    <ele>204.2</ele>
    <time>2025-09-06T09:26:55Z</time>
    <extensions>
     <gpxtpx:TrackPointExtension>
      <gpxtpx:cad>83</gpxtpx:cad>
     </gpxtpx:TrackPointExtension>
    </extensions>
   </trkpt>
   <trkpt lat="50.0624850" lon="19.9024270">
    <ele>204.2</ele>
    <time>2025-09-06T09:26:56Z</time>
    <extensions>
     <gpxtpx:TrackPointExtension>
      <gpxtpx:cad>82</gpxtpx:cad>
     </gpxtpx:TrackPointExtension>
    </extensions>
   </trkpt>
   <trkpt lat="50.0624660" lon="19.9023890">
    <ele>204.2</ele>
    <time>2025-09-06T09:26:57Z</time>
    <extensions>
     <gpxtpx:TrackPointExtension>
      <gpxtpx:cad>82</gpxtpx:cad>
     </gpxtpx:TrackPointExtension>
    </extensions>
   </trkpt>
   <trkpt lat="50.0624550" lon="19.9023760">
    <ele>204.2</ele>
    <time>2025-09-06T09:26:58Z</time>
    <extensions>
     <gpxtpx:TrackPointExtension>
      <gpxtpx:cad>79</gpxtpx:cad>
     </gpxtpx:TrackPointExtension>
    </extensions>
   </trkpt>
   <trkpt lat="50.0624310" lon="19.9023520">
    <ele>204.2</ele>
    <time>2025-09-06T09:26:59Z</time>
    <extensions>
     <gpxtpx:TrackPointExtension>
      <gpxtpx:cad>79</gpxtpx:cad>
     </gpxtpx:TrackPointExtension>
    </extensions>
   </trkpt>
   <trkpt lat="50.0624060" lon="19.9023290">
    <ele>204.2</ele>
    <time>2025-09-06T09:27:00Z</time>
    <extensions>
     <gpxtpx:TrackPointExtension>
      <gpxtpx:cad>82</gpxtpx:cad>
     </gpxtpx:TrackPointExtension>
    </extensions>
   </trkpt>
   <trkpt lat="50.0623710" lon="19.9023100">
    <ele>204.2</ele>
    <time>2025-09-06T09:27:01Z</time>
    <extensions>
     <gpxtpx:TrackPointExtension>
      <gpxtpx:cad>82</gpxtpx:cad>
     </gpxtpx:TrackPointExtension>
    </extensions>
   </trkpt>
   <trkpt lat="50.0623550" lon="19.9023050">
    <ele>204.2</ele>
    <time>2025-09-06T09:27:02Z</time>
    <extensions>
     <gpxtpx:TrackPointExtension>
      <gpxtpx:cad>82</gpxtpx:cad>
     </gpxtpx:TrackPointExtension>
    </extensions>
   </trkpt>
   <trkpt lat="50.0623240" lon="19.9022960">
    <ele>204.2</ele>
    <time>2025-09-06T09:27:03Z</time>
    <extensions>
     <gpxtpx:TrackPointExtension>
      <gpxtpx:cad>82</gpxtpx:cad>
     </gpxtpx:TrackPointExtension>
    </extensions>
   </trkpt>
   <trkpt lat="50.0622820" lon="19.9022820">
    <ele>204.2</ele>
    <time>2025-09-06T09:27:04Z</time>
    <extensions>
     <gpxtpx:TrackPointExtension>
      <gpxtpx:cad>81</gpxtpx:cad>
     </gpxtpx:TrackPointExtension>
    </extensions>
   </trkpt>
   <trkpt lat="50.0622650" lon="19.9022770">
    <ele>204.2</ele>
    <time>2025-09-06T09:27:05Z</time>
    <extensions>
     <gpxtpx:TrackPointExtension>
      <gpxtpx:cad>81</gpxtpx:cad>
     </gpxtpx:TrackPointExtension>
    </extensions>
   </trkpt>
   <trkpt lat="50.0622350" lon="19.9022640">
    <ele>204.2</ele>
    <time>2025-09-06T09:27:06Z</time>
    <extensions>
     <gpxtpx:TrackPointExtension>
      <gpxtpx:cad>80</gpxtpx:cad>
     </gpxtpx:TrackPointExtension>
    </extensions>
   </trkpt>
   <trkpt lat="50.0621940" lon="19.9022470">
    <ele>204.2</ele>
    <time>2025-09-06T09:27:07Z</time>
    <extensions>
     <gpxtpx:TrackPointExtension>
      <gpxtpx:cad>80</gpxtpx:cad>
     </gpxtpx:TrackPointExtension>
    </extensions>
   </trkpt>
   <trkpt lat="50.0621790" lon="19.9022420">
    <ele>204.2</ele>
    <time>2025-09-06T09:27:08Z</time>
    <extensions>
     <gpxtpx:TrackPointExtension>
      <gpxtpx:cad>81</gpxtpx:cad>
     </gpxtpx:TrackPointExtension>
    </extensions>
   </trkpt>
   <trkpt lat="50.0621490" lon="19.9022310">
    <ele>204.2</ele>
    <time>2025-09-06T09:27:09Z</time>
    <extensions>
     <gpxtpx:TrackPointExtension>
      <gpxtpx:cad>81</gpxtpx:cad>
     </gpxtpx:TrackPointExtension>
    </extensions>
   </trkpt>
   <trkpt lat="50.0621100" lon="19.9022060">
    <ele>204.2</ele>
    <time>2025-09-06T09:27:10Z</time>
    <extensions>
     <gpxtpx:TrackPointExtension>
      <gpxtpx:cad>79</gpxtpx:cad>
     </gpxtpx:TrackPointExtension>
    </extensions>
   </trkpt>
   <trkpt lat="50.0620960" lon="19.9021960">
    <ele>204.2</ele>
    <time>2025-09-06T09:27:11Z</time>
    <extensions>
     <gpxtpx:TrackPointExtension>
      <gpxtpx:cad>79</gpxtpx:cad>
     </gpxtpx:TrackPointExtension>
    </extensions>
   </trkpt>
   <trkpt lat="50.0620620" lon="19.9021590">
    <ele>204.2</ele>
    <time>2025-09-06T09:27:12Z</time>
    <extensions>
     <gpxtpx:TrackPointExtension>
      <gpxtpx:cad>80</gpxtpx:cad>
     </gpxtpx:TrackPointExtension>
    </extensions>
   </trkpt>
   <trkpt lat="50.0620470" lon="19.9021440">
    <ele>204.2</ele>
    <time>2025-09-06T09:27:13Z</time>
    <extensions>
     <gpxtpx:TrackPointExtension>
      <gpxtpx:cad>80</gpxtpx:cad>
     </gpxtpx:TrackPointExtension>
    </extensions>
   </trkpt>
   <trkpt lat="50.0620140" lon="19.9021130">
    <ele>204.2</ele>
    <time>2025-09-06T09:27:14Z</time>
    <extensions>
     <gpxtpx:TrackPointExtension>
      <gpxtpx:cad>81</gpxtpx:cad>
     </gpxtpx:TrackPointExtension>
    </extensions>
   </trkpt>
   <trkpt lat="50.0620000" lon="19.9021040">
    <ele>204.2</ele>
    <time>2025-09-06T09:27:15Z</time>
    <extensions>
     <gpxtpx:TrackPointExtension>
      <gpxtpx:cad>81</gpxtpx:cad>
     </gpxtpx:TrackPointExtension>
    </extensions>
   </trkpt>
   <trkpt lat="50.0619710" lon="19.9020920">
    <ele>204.2</ele>
    <time>2025-09-06T09:27:16Z</time>
    <extensions>
     <gpxtpx:TrackPointExtension>
      <gpxtpx:cad>81</gpxtpx:cad>
     </gpxtpx:TrackPointExtension>
    </extensions>
   </trkpt>
   <trkpt lat="50.0619570" lon="19.9021000">
    <ele>204.2</ele>
    <time>2025-09-06T09:27:17Z</time>
    <extensions>
     <gpxtpx:TrackPointExtension>
      <gpxtpx:cad>81</gpxtpx:cad>
     </gpxtpx:TrackPointExtension>
    </extensions>
   </trkpt>
   <trkpt lat="50.0619370" lon="19.9020950">
    <ele>204.2</ele>
    <time>2025-09-06T09:27:18Z</time>
    <extensions>
     <gpxtpx:TrackPointExtension>
      <gpxtpx:cad>82</gpxtpx:cad>
     </gpxtpx:TrackPointExtension>
    </extensions>
   </trkpt>
   <trkpt lat="50.0618970" lon="19.9020680">
    <ele>204.2</ele>
    <time>2025-09-06T09:27:19Z</time>
    <extensions>
     <gpxtpx:TrackPointExtension>
      <gpxtpx:cad>82</gpxtpx:cad>
     </gpxtpx:TrackPointExtension>
    </extensions>
   </trkpt>
   <trkpt lat="50.0618690" lon="19.9020420">
    <ele>204.2</ele>
    <time>2025-09-06T09:27:20Z</time>
    <extensions>
     <gpxtpx:TrackPointExtension>
      <gpxtpx:cad>82</gpxtpx:cad>
     </gpxtpx:TrackPointExtension>
    </extensions>
   </trkpt>
   <trkpt lat="50.0618360" lon="19.9020110">
    <ele>204.2</ele>
    <time>2025-09-06T09:27:21Z</time>
    <extensions>
     <gpxtpx:TrackPointExtension>
      <gpxtpx:cad>82</gpxtpx:cad>
     </gpxtpx:TrackPointExtension>
    </extensions>
   </trkpt>
   <trkpt lat="50.0618240" lon="19.9020010">
    <ele>204.2</ele>
    <time>2025-09-06T09:27:22Z</time>
    <extensions>
     <gpxtpx:TrackPointExtension>
      <gpxtpx:cad>81</gpxtpx:cad>
     </gpxtpx:TrackPointExtension>
    </extensions>
   </trkpt>
   <trkpt lat="50.0617960" lon="19.9019820">
    <ele>204.2</ele>
    <time>2025-09-06T09:27:23Z</time>
    <extensions>
     <gpxtpx:TrackPointExtension>
      <gpxtpx:cad>81</gpxtpx:cad>
     </gpxtpx:TrackPointExtension>
    </extensions>
   </trkpt>
   <trkpt lat="50.0617690" lon="19.9019620">
    <ele>204.3</ele>
    <time>2025-09-06T09:27:24Z</time>
    <extensions>
     <gpxtpx:TrackPointExtension>
      <gpxtpx:cad>81</gpxtpx:cad>
     </gpxtpx:TrackPointExtension>
    </extensions>
   </trkpt>
   <trkpt lat="50.0617390" lon="19.9019290">
    <ele>204.3</ele>
    <time>2025-09-06T09:27:25Z</time>
    <extensions>
     <gpxtpx:TrackPointExtension>
      <gpxtpx:cad>81</gpxtpx:cad>
     </gpxtpx:TrackPointExtension>
    </extensions>
   </trkpt>
   <trkpt lat="50.0617270" lon="19.9019160">
    <ele>204.3</ele>
    <time>2025-09-06T09:27:26Z</time>
    <extensions>
     <gpxtpx:TrackPointExtension>
      <gpxtpx:cad>82</gpxtpx:cad>
     </gpxtpx:TrackPointExtension>
    </extensions>
   </trkpt>
   <trkpt lat="50.0617020" lon="19.9018960">
    <ele>204.3</ele>
    <time>2025-09-06T09:27:27Z</time>
    <extensions>
     <gpxtpx:TrackPointExtension>
      <gpxtpx:cad>82</gpxtpx:cad>
     </gpxtpx:TrackPointExtension>
    </extensions>
   </trkpt>
   <trkpt lat="50.0616760" lon="19.9018790">
    <ele>204.3</ele>
    <time>2025-09-06T09:27:28Z</time>
    <extensions>
     <gpxtpx:TrackPointExtension>
      <gpxtpx:cad>81</gpxtpx:cad>
     </gpxtpx:TrackPointExtension>
    </extensions>
   </trkpt>
   <trkpt lat="50.0616440" lon="19.9018600">
    <ele>204.3</ele>
    <time>2025-09-06T09:27:29Z</time>
    <extensions>
     <gpxtpx:TrackPointExtension>
      <gpxtpx:cad>81</gpxtpx:cad>
     </gpxtpx:TrackPointExtension>
    </extensions>
   </trkpt>
   <trkpt lat="50.0616300" lon="19.9018530">
    <ele>204.3</ele>
    <time>2025-09-06T09:27:30Z</time>
    <extensions>
     <gpxtpx:TrackPointExtension>
      <gpxtpx:cad>81</gpxtpx:cad>
     </gpxtpx:TrackPointExtension>
    </extensions>
   </trkpt>
   <trkpt lat="50.0616030" lon="19.9018410">
    <ele>204.3</ele>
    <time>2025-09-06T09:27:31Z</time>
    <extensions>
     <gpxtpx:TrackPointExtension>
      <gpxtpx:cad>81</gpxtpx:cad>
     </gpxtpx:TrackPointExtension>
    </extensions>
   </trkpt>
   <trkpt lat="50.0615660" lon="19.9018280">
    <ele>204.3</ele>
    <time>2025-09-06T09:27:32Z</time>
    <extensions>
     <gpxtpx:TrackPointExtension>
      <gpxtpx:cad>82</gpxtpx:cad>
     </gpxtpx:TrackPointExtension>
    </extensions>
   </trkpt>
   <trkpt lat="50.0615520" lon="19.9018240">
    <ele>204.3</ele>
    <time>2025-09-06T09:27:33Z</time>
    <extensions>
     <gpxtpx:TrackPointExtension>
      <gpxtpx:cad>82</gpxtpx:cad>
     </gpxtpx:TrackPointExtension>
    </extensions>
   </trkpt>
   <trkpt lat="50.0615250" lon="19.9018100">
    <ele>204.3</ele>
    <time>2025-09-06T09:27:34Z</time>
    <extensions>
     <gpxtpx:TrackPointExtension>
      <gpxtpx:cad>81</gpxtpx:cad>
     </gpxtpx:TrackPointExtension>
    </extensions>
   </trkpt>
   <trkpt lat="50.0614980" lon="19.9017940">
    <ele>204.3</ele>
    <time>2025-09-06T09:27:35Z</time>
    <extensions>
     <gpxtpx:TrackPointExtension>
      <gpxtpx:cad>81</gpxtpx:cad>
     </gpxtpx:TrackPointExtension>
    </extensions>
   </trkpt>
   <trkpt lat="50.0614690" lon="19.9017780">
    <ele>204.3</ele>
    <time>2025-09-06T09:27:36Z</time>
    <extensions>
     <gpxtpx:TrackPointExtension>
      <gpxtpx:cad>83</gpxtpx:cad>
     </gpxtpx:TrackPointExtension>
    </extensions>
   </trkpt>
   <trkpt lat="50.0614330" lon="19.9017510">
    <ele>204.3</ele>
    <time>2025-09-06T09:27:37Z</time>
    <extensions>
     <gpxtpx:TrackPointExtension>
      <gpxtpx:cad>83</gpxtpx:cad>
     </gpxtpx:TrackPointExtension>
    </extensions>
   </trkpt>
   <trkpt lat="50.0614180" lon="19.9017410">
    <ele>204.3</ele>
    <time>2025-09-06T09:27:38Z</time>
    <extensions>
     <gpxtpx:TrackPointExtension>
      <gpxtpx:cad>82</gpxtpx:cad>
     </gpxtpx:TrackPointExtension>
    </extensions>
   </trkpt>
   <trkpt lat="50.0613820" lon="19.9017130">
    <ele>204.3</ele>
    <time>2025-09-06T09:27:39Z</time>
    <extensions>
     <gpxtpx:TrackPointExtension>
      <gpxtpx:cad>82</gpxtpx:cad>
     </gpxtpx:TrackPointExtension>
    </extensions>
   </trkpt>
   <trkpt lat="50.0613680" lon="19.9017030">
    <ele>204.3</ele>
    <time>2025-09-06T09:27:40Z</time>
    <extensions>
     <gpxtpx:TrackPointExtension>
      <gpxtpx:cad>82</gpxtpx:cad>
     </gpxtpx:TrackPointExtension>
    </extensions>
   </trkpt>
   <trkpt lat="50.0613390" lon="19.9016770">
    <ele>204.3</ele>
    <time>2025-09-06T09:27:41Z</time>
    <extensions>
     <gpxtpx:TrackPointExtension>
      <gpxtpx:cad>82</gpxtpx:cad>
     </gpxtpx:TrackPointExtension>
    </extensions>
   </trkpt>
   <trkpt lat="50.0613090" lon="19.9016490">
    <ele>204.3</ele>
    <time>2025-09-06T09:27:42Z</time>
    <extensions>
     <gpxtpx:TrackPointExtension>
      <gpxtpx:cad>82</gpxtpx:cad>
     </gpxtpx:TrackPointExtension>
    </extensions>
   </trkpt>
   <trkpt lat="50.0612790" lon="19.9016220">
    <ele>204.4</ele>
    <time>2025-09-06T09:27:43Z</time>
    <extensions>
     <gpxtpx:TrackPointExtension>
      <gpxtpx:cad>82</gpxtpx:cad>
     </gpxtpx:TrackPointExtension>
    </extensions>
   </trkpt>
   <trkpt lat="50.0612430" lon="19.9015950">
    <ele>204.4</ele>
    <time>2025-09-06T09:27:44Z</time>
    <extensions>
     <gpxtpx:TrackPointExtension>
      <gpxtpx:cad>81</gpxtpx:cad>
     </gpxtpx:TrackPointExtension>
    </extensions>
   </trkpt>
   <trkpt lat="50.0612280" lon="19.9015850">
    <ele>204.4</ele>
    <time>2025-09-06T09:27:45Z</time>
    <extensions>
     <gpxtpx:TrackPointExtension>
      <gpxtpx:cad>81</gpxtpx:cad>
     </gpxtpx:TrackPointExtension>
    </extensions>
   </trkpt>
   <trkpt lat="50.0611990" lon="19.9015640">
    <ele>204.4</ele>
    <time>2025-09-06T09:27:46Z</time>
    <extensions>
     <gpxtpx:TrackPointExtension>
      <gpxtpx:cad>81</gpxtpx:cad>
     </gpxtpx:TrackPointExtension>
    </extensions>
   </trkpt>
   <trkpt lat="50.0611620" lon="19.9015460">
    <ele>204.4</ele>
    <time>2025-09-06T09:27:47Z</time>
    <extensions>
     <gpxtpx:TrackPointExtension>
      <gpxtpx:cad>81</gpxtpx:cad>
     </gpxtpx:TrackPointExtension>
    </extensions>
   </trkpt>
   <trkpt lat="50.0611460" lon="19.9015390">
    <ele>204.5</ele>
    <time>2025-09-06T09:27:48Z</time>
    <extensions>
     <gpxtpx:TrackPointExtension>
      <gpxtpx:cad>81</gpxtpx:cad>
     </gpxtpx:TrackPointExtension>
    </extensions>
   </trkpt>
   <trkpt lat="50.0611150" lon="19.9015240">
    <ele>204.5</ele>
    <time>2025-09-06T09:27:49Z</time>
    <extensions>
     <gpxtpx:TrackPointExtension>
      <gpxtpx:cad>81</gpxtpx:cad>
     </gpxtpx:TrackPointExtension>
    </extensions>
   </trkpt>
   <trkpt lat="50.0610850" lon="19.9015050">
    <ele>204.5</ele>
    <time>2025-09-06T09:27:50Z</time>
    <extensions>
     <gpxtpx:TrackPointExtension>
      <gpxtpx:cad>81</gpxtpx:cad>
     </gpxtpx:TrackPointExtension>
    </extensions>
   </trkpt>
   <trkpt lat="50.0610490" lon="19.9014710">
    <ele>204.6</ele>
    <time>2025-09-06T09:27:51Z</time>
    <extensions>
     <gpxtpx:TrackPointExtension>
      <gpxtpx:cad>81</gpxtpx:cad>
     </gpxtpx:TrackPointExtension>
    </extensions>
   </trkpt>
   <trkpt lat="50.0610330" lon="19.9014560">
    <ele>204.6</ele>
    <time>2025-09-06T09:27:52Z</time>
    <extensions>
     <gpxtpx:TrackPointExtension>
      <gpxtpx:cad>81</gpxtpx:cad>
     </gpxtpx:TrackPointExtension>
    </extensions>
   </trkpt>
   <trkpt lat="50.0610010" lon="19.9014290">
    <ele>204.6</ele>
    <time>2025-09-06T09:27:53Z</time>
    <extensions>
     <gpxtpx:TrackPointExtension>
      <gpxtpx:cad>81</gpxtpx:cad>
     </gpxtpx:TrackPointExtension>
    </extensions>
   </trkpt>
   <trkpt lat="50.0609770" lon="19.9014120">
    <ele>204.7</ele>
    <time>2025-09-06T09:27:54Z</time>
    <extensions>
     <gpxtpx:TrackPointExtension>
      <gpxtpx:cad>81</gpxtpx:cad>
     </gpxtpx:TrackPointExtension>
    </extensions>
   </trkpt>
   <trkpt lat="50.0609450" lon="19.9013840">
    <ele>204.8</ele>
    <time>2025-09-06T09:27:55Z</time>
    <extensions>
     <gpxtpx:TrackPointExtension>
      <gpxtpx:cad>81</gpxtpx:cad>
     </gpxtpx:TrackPointExtension>
    </extensions>
   </trkpt>
   <trkpt lat="50.0609160" lon="19.9013550">
    <ele>204.8</ele>
    <time>2025-09-06T09:27:56Z</time>
    <extensions>
     <gpxtpx:TrackPointExtension>
      <gpxtpx:cad>81</gpxtpx:cad>
     </gpxtpx:TrackPointExtension>
    </extensions>
   </trkpt>
   <trkpt lat="50.0608930" lon="19.9013270">
    <ele>204.9</ele>
    <time>2025-09-06T09:27:57Z</time>
    <extensions>
     <gpxtpx:TrackPointExtension>
      <gpxtpx:cad>81</gpxtpx:cad>
     </gpxtpx:TrackPointExtension>
    </extensions>
   </trkpt>
   <trkpt lat="50.0608630" lon="19.9013050">
    <ele>205.0</ele>
    <time>2025-09-06T09:27:58Z</time>
    <extensions>
     <gpxtpx:TrackPointExtension>
      <gpxtpx:cad>80</gpxtpx:cad>
     </gpxtpx:TrackPointExtension>
    </extensions>
   </trkpt>
   <trkpt lat="50.0608310" lon="19.9012920">
    <ele>205.0</ele>
    <time>2025-09-06T09:27:59Z</time>
    <extensions>
     <gpxtpx:TrackPointExtension>
      <gpxtpx:cad>80</gpxtpx:cad>
     </gpxtpx:TrackPointExtension>
    </extensions>
   </trkpt>
   <trkpt lat="50.0608000" lon="19.9012730">
    <ele>205.1</ele>
    <time>2025-09-06T09:28:00Z</time>
    <extensions>
     <gpxtpx:TrackPointExtension>
      <gpxtpx:cad>79</gpxtpx:cad>
     </gpxtpx:TrackPointExtension>
    </extensions>
   </trkpt>
   <trkpt lat="50.0607670" lon="19.9012490">
    <ele>205.2</ele>
    <time>2025-09-06T09:28:01Z</time>
    <extensions>
     <gpxtpx:TrackPointExtension>
      <gpxtpx:cad>79</gpxtpx:cad>
     </gpxtpx:TrackPointExtension>
    </extensions>
   </trkpt>
   <trkpt lat="50.0607530" lon="19.9012390">
    <ele>205.3</ele>
    <time>2025-09-06T09:28:02Z</time>
    <extensions>
     <gpxtpx:TrackPointExtension>
      <gpxtpx:cad>81</gpxtpx:cad>
     </gpxtpx:TrackPointExtension>
    </extensions>
   </trkpt>
   <trkpt lat="50.0607250" lon="19.9012190">
    <ele>205.4</ele>
    <time>2025-09-06T09:28:03Z</time>
    <extensions>
     <gpxtpx:TrackPointExtension>
      <gpxtpx:cad>81</gpxtpx:cad>
     </gpxtpx:TrackPointExtension>
    </extensions>
   </trkpt>
   <trkpt lat="50.0606950" lon="19.9011990">
    <ele>205.4</ele>
    <time>2025-09-06T09:28:04Z</time>
    <extensions>
     <gpxtpx:TrackPointExtension>
      <gpxtpx:cad>83</gpxtpx:cad>
     </gpxtpx:TrackPointExtension>
    </extensions>
   </trkpt>
   <trkpt lat="50.0606560" lon="19.9011750">
    <ele>205.6</ele>
    <time>2025-09-06T09:28:05Z</time>
    <extensions>
     <gpxtpx:TrackPointExtension>
      <gpxtpx:cad>83</gpxtpx:cad>
     </gpxtpx:TrackPointExtension>
    </extensions>
   </trkpt>
   <trkpt lat="50.0606400" lon="19.9011640">
    <ele>205.6</ele>
    <time>2025-09-06T09:28:06Z</time>
    <extensions>
     <gpxtpx:TrackPointExtension>
      <gpxtpx:cad>82</gpxtpx:cad>
     </gpxtpx:TrackPointExtension>
    </extensions>
   </trkpt>
   <trkpt lat="50.0606100" lon="19.9011400">
    <ele>205.7</ele>
    <time>2025-09-06T09:28:07Z</time>
    <extensions>
     <gpxtpx:TrackPointExtension>
      <gpxtpx:cad>82</gpxtpx:cad>
     </gpxtpx:TrackPointExtension>
    </extensions>
   </trkpt>
   <trkpt lat="50.0605860" lon="19.9011190">
    <ele>205.8</ele>
    <time>2025-09-06T09:28:08Z</time>
    <extensions>
     <gpxtpx:TrackPointExtension>
      <gpxtpx:cad>82</gpxtpx:cad>
     </gpxtpx:TrackPointExtension>
    </extensions>
   </trkpt>
   <trkpt lat="50.0605560" lon="19.9010990">
    <ele>205.9</ele>
    <time>2025-09-06T09:28:09Z</time>
    <extensions>
     <gpxtpx:TrackPointExtension>
      <gpxtpx:cad>82</gpxtpx:cad>
     </gpxtpx:TrackPointExtension>
    </extensions>
   </trkpt>
   <trkpt lat="50.0605280" lon="19.9010760">
    <ele>205.9</ele>
    <time>2025-09-06T09:28:10Z</time>
    <extensions>
     <gpxtpx:TrackPointExtension>
      <gpxtpx:cad>81</gpxtpx:cad>
     </gpxtpx:TrackPointExtension>
    </extensions>
   </trkpt>
   <trkpt lat="50.0605010" lon="19.9010510">
    <ele>206.0</ele>
    <time>2025-09-06T09:28:11Z</time>
    <extensions>
     <gpxtpx:TrackPointExtension>
      <gpxtpx:cad>81</gpxtpx:cad>
     </gpxtpx:TrackPointExtension>
    </extensions>
   </trkpt>
   <trkpt lat="50.0604760" lon="19.9010250">
    <ele>206.1</ele>
    <time>2025-09-06T09:28:12Z</time>
    <extensions>
     <gpxtpx:TrackPointExtension>
      <gpxtpx:cad>83</gpxtpx:cad>
     </gpxtpx:TrackPointExtension>
    </extensions>
   </trkpt>
   <trkpt lat="50.0604420" lon="19.9010160">
    <ele>206.2</ele>
    <time>2025-09-06T09:28:13Z</time>
    <extensions>
     <gpxtpx:TrackPointExtension>
      <gpxtpx:cad>83</gpxtpx:cad>
     </gpxtpx:TrackPointExtension>
    </extensions>
   </trkpt>
   <trkpt lat="50.0604260" lon="19.9010160">
    <ele>206.2</ele>
    <time>2025-09-06T09:28:14Z</time>
    <extensions>
     <gpxtpx:TrackPointExtension>
      <gpxtpx:cad>83</gpxtpx:cad>
     </gpxtpx:TrackPointExtension>
    </extensions>
   </trkpt>
   <trkpt lat="50.0603980" lon="19.9010290">
    <ele>206.2</ele>
    <time>2025-09-06T09:28:15Z</time>
    <extensions>
     <gpxtpx:TrackPointExtension>
      <gpxtpx:cad>83</gpxtpx:cad>
     </gpxtpx:TrackPointExtension>
    </extensions>
   </trkpt>
   <trkpt lat="50.0603610" lon="19.9010450">
    <ele>206.2</ele>
    <time>2025-09-06T09:28:16Z</time>
    <extensions>
     <gpxtpx:TrackPointExtension>
      <gpxtpx:cad>82</gpxtpx:cad>
     </gpxtpx:TrackPointExtension>
    </extensions>
   </trkpt>
   <trkpt lat="50.0603470" lon="19.9010500">
    <ele>206.2</ele>
    <time>2025-09-06T09:28:17Z</time>
    <extensions>
     <gpxtpx:TrackPointExtension>
      <gpxtpx:cad>82</gpxtpx:cad>
     </gpxtpx:TrackPointExtension>
    </extensions>
   </trkpt>
   <trkpt lat="50.0603160" lon="19.9010610">
    <ele>206.2</ele>
    <time>2025-09-06T09:28:18Z</time>
    <extensions>
     <gpxtpx:TrackPointExtension>
      <gpxtpx:cad>81</gpxtpx:cad>
     </gpxtpx:TrackPointExtension>
    </extensions>
   </trkpt>
   <trkpt lat="50.0602830" lon="19.9010770">
    <ele>206.2</ele>
    <time>2025-09-06T09:28:19Z</time>
    <extensions>
     <gpxtpx:TrackPointExtension>
      <gpxtpx:cad>81</gpxtpx:cad>
     </gpxtpx:TrackPointExtension>
    </extensions>
   </trkpt>
   <trkpt lat="50.0602490" lon="19.9011060">
    <ele>206.2</ele>
    <time>2025-09-06T09:28:20Z</time>
    <extensions>
     <gpxtpx:TrackPointExtension>
      <gpxtpx:cad>81</gpxtpx:cad>
     </gpxtpx:TrackPointExtension>
    </extensions>
   </trkpt>
   <trkpt lat="50.0602360" lon="19.9011180">
    <ele>206.2</ele>
    <time>2025-09-06T09:28:21Z</time>
    <extensions>
     <gpxtpx:TrackPointExtension>
      <gpxtpx:cad>81</gpxtpx:cad>
     </gpxtpx:TrackPointExtension>
    </extensions>
   </trkpt>
   <trkpt lat="50.0602160" lon="19.9011520">
    <ele>206.2</ele>
    <time>2025-09-06T09:28:22Z</time>
    <extensions>
     <gpxtpx:TrackPointExtension>
      <gpxtpx:cad>82</gpxtpx:cad>
     </gpxtpx:TrackPointExtension>
    </extensions>
   </trkpt>
   <trkpt lat="50.0602010" lon="19.9011890">
    <ele>206.2</ele>
    <time>2025-09-06T09:28:23Z</time>
    <extensions>
     <gpxtpx:TrackPointExtension>
      <gpxtpx:cad>82</gpxtpx:cad>
     </gpxtpx:TrackPointExtension>
    </extensions>
   </trkpt>
   <trkpt lat="50.0601800" lon="19.9012470">
    <ele>206.1</ele>
    <time>2025-09-06T09:28:24Z</time>
    <extensions>
     <gpxtpx:TrackPointExtension>
      <gpxtpx:cad>81</gpxtpx:cad>
     </gpxtpx:TrackPointExtension>
    </extensions>
   </trkpt>
   <trkpt lat="50.0601720" lon="19.9012730">
    <ele>206.1</ele>
    <time>2025-09-06T09:28:25Z</time>
    <extensions>
     <gpxtpx:TrackPointExtension>
      <gpxtpx:cad>81</gpxtpx:cad>
     </gpxtpx:TrackPointExtension>
    </extensions>
   </trkpt>
   <trkpt lat="50.0601580" lon="19.9013200">
    <ele>206.1</ele>
    <time>2025-09-06T09:28:26Z</time>
    <extensions>
     <gpxtpx:TrackPointExtension>
      <gpxtpx:cad>80</gpxtpx:cad>
     </gpxtpx:TrackPointExtension>
    </extensions>
   </trkpt>
   <trkpt lat="50.0601470" lon="19.9013600">
    <ele>206.0</ele>
    <time>2025-09-06T09:28:27Z</time>
    <extensions>
     <gpxtpx:TrackPointExtension>
      <gpxtpx:cad>80</gpxtpx:cad>
     </gpxtpx:TrackPointExtension>
    </extensions>
   </trkpt>
   <trkpt lat="50.0601350" lon="19.9014040">
    <ele>206.0</ele>
    <time>2025-09-06T09:28:28Z</time>
    <extensions>
     <gpxtpx:TrackPointExtension>
      <gpxtpx:cad>81</gpxtpx:cad>
     </gpxtpx:TrackPointExtension>
    </extensions>
   </trkpt>
   <trkpt lat="50.0601180" lon="19.9014450">
    <ele>205.9</ele>
    <time>2025-09-06T09:28:29Z</time>
    <extensions>
     <gpxtpx:TrackPointExtension>
      <gpxtpx:cad>81</gpxtpx:cad>
     </gpxtpx:TrackPointExtension>
    </extensions>
   </trkpt>
   <trkpt lat="50.0601040" lon="19.9014820">
    <ele>205.9</ele>
    <time>2025-09-06T09:28:30Z</time>
    <extensions>
     <gpxtpx:TrackPointExtension>
      <gpxtpx:cad>80</gpxtpx:cad>
     </gpxtpx:TrackPointExtension>
    </extensions>
   </trkpt>
   <trkpt lat="50.0600890" lon="19.9015280">
    <ele>205.9</ele>
    <time>2025-09-06T09:28:31Z</time>
    <extensions>
     <gpxtpx:TrackPointExtension>
      <gpxtpx:cad>80</gpxtpx:cad>
     </gpxtpx:TrackPointExtension>
    </extensions>
   </trkpt>
   <trkpt lat="50.0600740" lon="19.9015740">
    <ele>205.8</ele>
    <time>2025-09-06T09:28:32Z</time>
    <extensions>
     <gpxtpx:TrackPointExtension>
      <gpxtpx:cad>81</gpxtpx:cad>
     </gpxtpx:TrackPointExtension>
    </extensions>
   </trkpt>
   <trkpt lat="50.0600560" lon="19.9016220">
    <ele>205.8</ele>
    <time>2025-09-06T09:28:33Z</time>
    <extensions>
     <gpxtpx:TrackPointExtension>
      <gpxtpx:cad>81</gpxtpx:cad>
     </gpxtpx:TrackPointExtension>
    </extensions>
   </trkpt>
   <trkpt lat="50.0600390" lon="19.9016640">
    <ele>205.7</ele>
    <time>2025-09-06T09:28:34Z</time>
    <extensions>
     <gpxtpx:TrackPointExtension>
      <gpxtpx:cad>81</gpxtpx:cad>
     </gpxtpx:TrackPointExtension>
    </extensions>
   </trkpt>
   <trkpt lat="50.0600210" lon="19.9017060">
    <ele>205.7</ele>
    <time>2025-09-06T09:28:35Z</time>
    <extensions>
     <gpxtpx:TrackPointExtension>
      <gpxtpx:cad>81</gpxtpx:cad>
     </gpxtpx:TrackPointExtension>
    </extensions>
   </trkpt>
   <trkpt lat="50.0600010" lon="19.9017390">
    <ele>205.6</ele>
    <time>2025-09-06T09:28:36Z</time>
    <extensions>
     <gpxtpx:TrackPointExtension>
      <gpxtpx:cad>83</gpxtpx:cad>
     </gpxtpx:TrackPointExtension>
    </extensions>
   </trkpt>
   <trkpt lat="50.0599830" lon="19.9017730">
    <ele>205.6</ele>
    <time>2025-09-06T09:28:37Z</time>
    <extensions>
     <gpxtpx:TrackPointExtension>
      <gpxtpx:cad>83</gpxtpx:cad>
     </gpxtpx:TrackPointExtension>
    </extensions>
   </trkpt>
   <trkpt lat="50.0599620" lon="19.9018180">
    <ele>205.5</ele>
    <time>2025-09-06T09:28:38Z</time>
    <extensions>
     <gpxtpx:TrackPointExtension>
      <gpxtpx:cad>81</gpxtpx:cad>
     </gpxtpx:TrackPointExtension>
    </extensions>
   </trkpt>
   <trkpt lat="50.0599490" lon="19.9018670">
    <ele>205.5</ele>
    <time>2025-09-06T09:28:39Z</time>
    <extensions>
     <gpxtpx:TrackPointExtension>
      <gpxtpx:cad>81</gpxtpx:cad>
     </gpxtpx:TrackPointExtension>
    </extensions>
   </trkpt>
   <trkpt lat="50.0599320" lon="19.9019110">
    <ele>205.5</ele>
    <time>2025-09-06T09:28:40Z</time>
    <extensions>
     <gpxtpx:TrackPointExtension>
      <gpxtpx:cad>85</gpxtpx:cad>
     </gpxtpx:TrackPointExtension>
    </extensions>
   </trkpt>
   <trkpt lat="50.0599150" lon="19.9019510">
    <ele>205.4</ele>
    <time>2025-09-06T09:28:41Z</time>
    <extensions>
     <gpxtpx:TrackPointExtension>
      <gpxtpx:cad>85</gpxtpx:cad>
     </gpxtpx:TrackPointExtension>
    </extensions>
   </trkpt>
   <trkpt lat="50.0598970" lon="19.9019930">
    <ele>205.4</ele>
    <time>2025-09-06T09:28:42Z</time>
    <extensions>
     <gpxtpx:TrackPointExtension>
      <gpxtpx:cad>81</gpxtpx:cad>
     </gpxtpx:TrackPointExtension>
    </extensions>
   </trkpt>
   <trkpt lat="50.0598770" lon="19.9020540">
    <ele>205.4</ele>
    <time>2025-09-06T09:28:43Z</time>
    <extensions>
     <gpxtpx:TrackPointExtension>
      <gpxtpx:cad>81</gpxtpx:cad>
     </gpxtpx:TrackPointExtension>
    </extensions>
   </trkpt>
   <trkpt lat="50.0598680" lon="19.9020800">
    <ele>205.4</ele>
    <time>2025-09-06T09:28:44Z</time>
    <extensions>
     <gpxtpx:TrackPointExtension>
      <gpxtpx:cad>84</gpxtpx:cad>
     </gpxtpx:TrackPointExtension>
    </extensions>
   </trkpt>
   <trkpt lat="50.0598500" lon="19.9021330">
    <ele>205.4</ele>
    <time>2025-09-06T09:28:45Z</time>
    <extensions>
     <gpxtpx:TrackPointExtension>
      <gpxtpx:cad>84</gpxtpx:cad>
     </gpxtpx:TrackPointExtension>
    </extensions>
   </trkpt>
   <trkpt lat="50.0598290" lon="19.9021850">
    <ele>205.3</ele>
    <time>2025-09-06T09:28:46Z</time>
    <extensions>
     <gpxtpx:TrackPointExtension>
      <gpxtpx:cad>84</gpxtpx:cad>
     </gpxtpx:TrackPointExtension>
    </extensions>
   </trkpt>
   <trkpt lat="50.0598090" lon="19.9022470">
    <ele>205.3</ele>
    <time>2025-09-06T09:28:47Z</time>
    <extensions>
     <gpxtpx:TrackPointExtension>
      <gpxtpx:cad>84</gpxtpx:cad>
     </gpxtpx:TrackPointExtension>
    </extensions>
   </trkpt>
   <trkpt lat="50.0598010" lon="19.9022720">
    <ele>205.3</ele>
    <time>2025-09-06T09:28:48Z</time>
    <extensions>
     <gpxtpx:TrackPointExtension>
      <gpxtpx:cad>82</gpxtpx:cad>
     </gpxtpx:TrackPointExtension>
    </extensions>
   </trkpt>
   <trkpt lat="50.0597850" lon="19.9023150">
    <ele>205.3</ele>
    <time>2025-09-06T09:28:49Z</time>
    <extensions>
     <gpxtpx:TrackPointExtension>
      <gpxtpx:cad>82</gpxtpx:cad>
     </gpxtpx:TrackPointExtension>
    </extensions>
   </trkpt>
   <trkpt lat="50.0597580" lon="19.9023740">
    <ele>205.2</ele>
    <time>2025-09-06T09:28:50Z</time>
    <extensions>
     <gpxtpx:TrackPointExtension>
      <gpxtpx:cad>83</gpxtpx:cad>
     </gpxtpx:TrackPointExtension>
    </extensions>
   </trkpt>
   <trkpt lat="50.0597460" lon="19.9023990">
    <ele>205.2</ele>
    <time>2025-09-06T09:28:51Z</time>
    <extensions>
     <gpxtpx:TrackPointExtension>
      <gpxtpx:cad>83</gpxtpx:cad>
     </gpxtpx:TrackPointExtension>
    </extensions>
   </trkpt>
   <trkpt lat="50.0597210" lon="19.9024480">
    <ele>205.2</ele>
    <time>2025-09-06T09:28:52Z</time>
    <extensions>
     <gpxtpx:TrackPointExtension>
      <gpxtpx:cad>84</gpxtpx:cad>
     </gpxtpx:TrackPointExtension>
    </extensions>
   </trkpt>
   <trkpt lat="50.0597100" lon="19.9024680">
    <ele>205.2</ele>
    <time>2025-09-06T09:28:53Z</time>
    <extensions>
     <gpxtpx:TrackPointExtension>
      <gpxtpx:cad>84</gpxtpx:cad>
     </gpxtpx:TrackPointExtension>
    </extensions>
   </trkpt>
   <trkpt lat="50.0596910" lon="19.9025100">
    <ele>205.2</ele>
    <time>2025-09-06T09:28:54Z</time>
    <extensions>
     <gpxtpx:TrackPointExtension>
      <gpxtpx:cad>82</gpxtpx:cad>
     </gpxtpx:TrackPointExtension>
    </extensions>
   </trkpt>
   <trkpt lat="50.0596740" lon="19.9025500">
    <ele>205.2</ele>
    <time>2025-09-06T09:28:55Z</time>
    <extensions>
     <gpxtpx:TrackPointExtension>
      <gpxtpx:cad>82</gpxtpx:cad>
     </gpxtpx:TrackPointExtension>
    </extensions>
   </trkpt>
   <trkpt lat="50.0596540" lon="19.9026030">
    <ele>205.2</ele>
    <time>2025-09-06T09:28:56Z</time>
    <extensions>
     <gpxtpx:TrackPointExtension>
      <gpxtpx:cad>84</gpxtpx:cad>
     </gpxtpx:TrackPointExtension>
    </extensions>
   </trkpt>
   <trkpt lat="50.0596450" lon="19.9026240">
    <ele>205.2</ele>
    <time>2025-09-06T09:28:57Z</time>
    <extensions>
     <gpxtpx:TrackPointExtension>
      <gpxtpx:cad>84</gpxtpx:cad>
     </gpxtpx:TrackPointExtension>
    </extensions>
   </trkpt>
   <trkpt lat="50.0596280" lon="19.9026640">
    <ele>205.1</ele>
    <time>2025-09-06T09:28:58Z</time>
    <extensions>
     <gpxtpx:TrackPointExtension>
      <gpxtpx:cad>84</gpxtpx:cad>
     </gpxtpx:TrackPointExtension>
    </extensions>
   </trkpt>
   <trkpt lat="50.0596120" lon="19.9027040">
    <ele>205.1</ele>
    <time>2025-09-06T09:28:59Z</time>
    <extensions>
     <gpxtpx:TrackPointExtension>
      <gpxtpx:cad>84</gpxtpx:cad>
     </gpxtpx:TrackPointExtension>
    </extensions>
   </trkpt>
   <trkpt lat="50.0595960" lon="19.9027470">
    <ele>205.1</ele>
    <time>2025-09-06T09:29:00Z</time>
    <extensions>
     <gpxtpx:TrackPointExtension>
      <gpxtpx:cad>82</gpxtpx:cad>
     </gpxtpx:TrackPointExtension>
    </extensions>
   </trkpt>
   <trkpt lat="50.0595800" lon="19.9028020">
    <ele>205.1</ele>
    <time>2025-09-06T09:29:01Z</time>
    <extensions>
     <gpxtpx:TrackPointExtension>
      <gpxtpx:cad>82</gpxtpx:cad>
     </gpxtpx:TrackPointExtension>
    </extensions>
   </trkpt>
   <trkpt lat="50.0595720" lon="19.9028250">
    <ele>205.1</ele>
    <time>2025-09-06T09:29:02Z</time>
    <extensions>
     <gpxtpx:TrackPointExtension>
      <gpxtpx:cad>84</gpxtpx:cad>
     </gpxtpx:TrackPointExtension>
    </extensions>
   </trkpt>
   <trkpt lat="50.0595540" lon="19.9028680">
    <ele>205.1</ele>
    <time>2025-09-06T09:29:03Z</time>
    <extensions>
     <gpxtpx:TrackPointExtension>
      <gpxtpx:cad>84</gpxtpx:cad>
     </gpxtpx:TrackPointExtension>
    </extensions>
   </trkpt>
   <trkpt lat="50.0595330" lon="19.9029120">
    <ele>205.1</ele>
    <time>2025-09-06T09:29:04Z</time>
    <extensions>
     <gpxtpx:TrackPointExtension>
      <gpxtpx:cad>83</gpxtpx:cad>
     </gpxtpx:TrackPointExtension>
    </extensions>
   </trkpt>
   <trkpt lat="50.0595070" lon="19.9029660">
    <ele>205.1</ele>
    <time>2025-09-06T09:29:05Z</time>
    <extensions>
     <gpxtpx:TrackPointExtension>
      <gpxtpx:cad>83</gpxtpx:cad>
     </gpxtpx:TrackPointExtension>
    </extensions>
   </trkpt>
   <trkpt lat="50.0594960" lon="19.9029880">
    <ele>205.1</ele>
    <time>2025-09-06T09:29:06Z</time>
    <extensions>
     <gpxtpx:TrackPointExtension>
      <gpxtpx:cad>82</gpxtpx:cad>
     </gpxtpx:TrackPointExtension>
    </extensions>
   </trkpt>
   <trkpt lat="50.0594770" lon="19.9030300">
    <ele>205.1</ele>
    <time>2025-09-06T09:29:07Z</time>
    <extensions>
     <gpxtpx:TrackPointExtension>
      <gpxtpx:cad>82</gpxtpx:cad>
     </gpxtpx:TrackPointExtension>
    </extensions>
   </trkpt>
   <trkpt lat="50.0594560" lon="19.9030720">
    <ele>205.0</ele>
    <time>2025-09-06T09:29:08Z</time>
    <extensions>
     <gpxtpx:TrackPointExtension>
      <gpxtpx:cad>82</gpxtpx:cad>
     </gpxtpx:TrackPointExtension>
    </extensions>
   </trkpt>
   <trkpt lat="50.0594340" lon="19.9031240">
    <ele>205.0</ele>
    <time>2025-09-06T09:29:09Z</time>
    <extensions>
     <gpxtpx:TrackPointExtension>
      <gpxtpx:cad>82</gpxtpx:cad>
     </gpxtpx:TrackPointExtension>
    </extensions>
   </trkpt>
   <trkpt lat="50.0594240" lon="19.9031430">
    <ele>205.0</ele>
    <time>2025-09-06T09:29:10Z</time>
    <extensions>
     <gpxtpx:TrackPointExtension>
      <gpxtpx:cad>83</gpxtpx:cad>
     </gpxtpx:TrackPointExtension>
    </extensions>
   </trkpt>
   <trkpt lat="50.0594060" lon="19.9031830">
    <ele>205.0</ele>
    <time>2025-09-06T09:29:11Z</time>
    <extensions>
     <gpxtpx:TrackPointExtension>
      <gpxtpx:cad>83</gpxtpx:cad>
     </gpxtpx:TrackPointExtension>
    </extensions>
   </trkpt>
   <trkpt lat="50.0593890" lon="19.9032220">
    <ele>205.0</ele>
    <time>2025-09-06T09:29:12Z</time>
    <extensions>
     <gpxtpx:TrackPointExtension>
      <gpxtpx:cad>82</gpxtpx:cad>
     </gpxtpx:TrackPointExtension>
    </extensions>
   </trkpt>
   <trkpt lat="50.0593680" lon="19.9032550">
    <ele>204.9</ele>
    <time>2025-09-06T09:29:13Z</time>
    <extensions>
     <gpxtpx:TrackPointExtension>
      <gpxtpx:cad>82</gpxtpx:cad>
     </gpxtpx:TrackPointExtension>
    </extensions>
   </trkpt>
   <trkpt lat="50.0593400" lon="19.9032930">
    <ele>204.9</ele>
    <time>2025-09-06T09:29:14Z</time>
    <extensions>
     <gpxtpx:TrackPointExtension>
      <gpxtpx:cad>82</gpxtpx:cad>
     </gpxtpx:TrackPointExtension>
    </extensions>
   </trkpt>
   <trkpt lat="50.0593300" lon="19.9033120">
    <ele>204.9</ele>
    <time>2025-09-06T09:29:15Z</time>
    <extensions>
     <gpxtpx:TrackPointExtension>
      <gpxtpx:cad>82</gpxtpx:cad>
     </gpxtpx:TrackPointExtension>
    </extensions>
   </trkpt>
   <trkpt lat="50.0593210" lon="19.9033670">
    <ele>204.9</ele>
    <time>2025-09-06T09:29:16Z</time>
    <extensions>
     <gpxtpx:TrackPointExtension>
      <gpxtpx:cad>84</gpxtpx:cad>
     </gpxtpx:TrackPointExtension>
    </extensions>
   </trkpt>
   <trkpt lat="50.0593290" lon="19.9034260">
    <ele>204.8</ele>
    <time>2025-09-06T09:29:17Z</time>
    <extensions>
     <gpxtpx:TrackPointExtension>
      <gpxtpx:cad>84</gpxtpx:cad>
     </gpxtpx:TrackPointExtension>
    </extensions>
   </trkpt>
   <trkpt lat="50.0593240" lon="19.9034750">
    <ele>204.8</ele>
    <time>2025-09-06T09:29:18Z</time>
    <extensions>
     <gpxtpx:TrackPointExtension>
      <gpxtpx:cad>84</gpxtpx:cad>
     </gpxtpx:TrackPointExtension>
    </extensions>
   </trkpt>
   <trkpt lat="50.0592940" lon="19.9035250">
    <ele>204.8</ele>
    <time>2025-09-06T09:29:19Z</time>
    <extensions>
     <gpxtpx:TrackPointExtension>
      <gpxtpx:cad>84</gpxtpx:cad>
     </gpxtpx:TrackPointExtension>
    </extensions>
   </trkpt>
   <trkpt lat="50.0592810" lon="19.9035460">
    <ele>204.8</ele>
    <time>2025-09-06T09:29:20Z</time>
    <extensions>
     <gpxtpx:TrackPointExtension>
      <gpxtpx:cad>84</gpxtpx:cad>
     </gpxtpx:TrackPointExtension>
    </extensions>
   </trkpt>
   <trkpt lat="50.0592610" lon="19.9035860">
    <ele>204.8</ele>
    <time>2025-09-06T09:29:21Z</time>
    <extensions>
     <gpxtpx:TrackPointExtension>
      <gpxtpx:cad>84</gpxtpx:cad>
     </gpxtpx:TrackPointExtension>
    </extensions>
   </trkpt>
   <trkpt lat="50.0592410" lon="19.9036270">
    <ele>204.7</ele>
    <time>2025-09-06T09:29:22Z</time>
    <extensions>
     <gpxtpx:TrackPointExtension>
      <gpxtpx:cad>83</gpxtpx:cad>
     </gpxtpx:TrackPointExtension>
    </extensions>
   </trkpt>
   <trkpt lat="50.0592150" lon="19.9036780">
    <ele>204.7</ele>
    <time>2025-09-06T09:29:23Z</time>
    <extensions>
     <gpxtpx:TrackPointExtension>
      <gpxtpx:cad>83</gpxtpx:cad>
     </gpxtpx:TrackPointExtension>
    </extensions>
   </trkpt>
   <trkpt lat="50.0592060" lon="19.9036970">
    <ele>204.7</ele>
    <time>2025-09-06T09:29:24Z</time>
    <extensions>
     <gpxtpx:TrackPointExtension>
      <gpxtpx:cad>83</gpxtpx:cad>
     </gpxtpx:TrackPointExtension>
    </extensions>
   </trkpt>
   <trkpt lat="50.0591850" lon="19.9037370">
    <ele>204.7</ele>
    <time>2025-09-06T09:29:25Z</time>
    <extensions>
     <gpxtpx:TrackPointExtension>
      <gpxtpx:cad>83</gpxtpx:cad>
     </gpxtpx:TrackPointExtension>
    </extensions>
   </trkpt>
   <trkpt lat="50.0591640" lon="19.9037740">
    <ele>204.7</ele>
    <time>2025-09-06T09:29:26Z</time>
    <extensions>
     <gpxtpx:TrackPointExtension>
      <gpxtpx:cad>83</gpxtpx:cad>
     </gpxtpx:TrackPointExtension>
    </extensions>
   </trkpt>
   <trkpt lat="50.0591440" lon="19.9038060">
    <ele>204.7</ele>
    <time>2025-09-06T09:29:27Z</time>
    <extensions>
     <gpxtpx:TrackPointExtension>
      <gpxtpx:cad>83</gpxtpx:cad>
     </gpxtpx:TrackPointExtension>
    </extensions>
   </trkpt>
   <trkpt lat="50.0591220" lon="19.9038430">
    <ele>204.7</ele>
    <time>2025-09-06T09:29:28Z</time>
    <extensions>
     <gpxtpx:TrackPointExtension>
      <gpxtpx:cad>83</gpxtpx:cad>
     </gpxtpx:TrackPointExtension>
    </extensions>
   </trkpt>
   <trkpt lat="50.0591010" lon="19.9038810">
    <ele>204.7</ele>
    <time>2025-09-06T09:29:29Z</time>
    <extensions>
     <gpxtpx:TrackPointExtension>
      <gpxtpx:cad>83</gpxtpx:cad>
     </gpxtpx:TrackPointExtension>
    </extensions>
   </trkpt>
   <trkpt lat="50.0590810" lon="19.9039220">
    <ele>204.7</ele>
    <time>2025-09-06T09:29:30Z</time>
    <extensions>
     <gpxtpx:TrackPointExtension>
      <gpxtpx:cad>83</gpxtpx:cad>
     </gpxtpx:TrackPointExtension>
    </extensions>
   </trkpt>
   <trkpt lat="50.0590580" lon="19.9039590">
    <ele>204.6</ele>
    <time>2025-09-06T09:29:31Z</time>
    <extensions>
     <gpxtpx:TrackPointExtension>
      <gpxtpx:cad>83</gpxtpx:cad>
     </gpxtpx:TrackPointExtension>
    </extensions>
   </trkpt>
   <trkpt lat="50.0590280" lon="19.9040100">
    <ele>204.6</ele>
    <time>2025-09-06T09:29:32Z</time>
    <extensions>
     <gpxtpx:TrackPointExtension>
      <gpxtpx:cad>84</gpxtpx:cad>
     </gpxtpx:TrackPointExtension>
    </extensions>
   </trkpt>
   <trkpt lat="50.0590150" lon="19.9040320">
    <ele>204.6</ele>
    <time>2025-09-06T09:29:33Z</time>
    <extensions>
     <gpxtpx:TrackPointExtension>
      <gpxtpx:cad>84</gpxtpx:cad>
     </gpxtpx:TrackPointExtension>
    </extensions>
   </trkpt>
   <trkpt lat="50.0589940" lon="19.9040730">
    <ele>204.6</ele>
    <time>2025-09-06T09:29:34Z</time>
    <extensions>
     <gpxtpx:TrackPointExtension>
      <gpxtpx:cad>83</gpxtpx:cad>
     </gpxtpx:TrackPointExtension>
    </extensions>
   </trkpt>
   <trkpt lat="50.0589720" lon="19.9041140">
    <ele>204.6</ele>
    <time>2025-09-06T09:29:35Z</time>
    <extensions>
     <gpxtpx:TrackPointExtension>
      <gpxtpx:cad>83</gpxtpx:cad>
     </gpxtpx:TrackPointExtension>
    </extensions>
   </trkpt>
   <trkpt lat="50.0589520" lon="19.9041560">
    <ele>204.6</ele>
    <time>2025-09-06T09:29:36Z</time>
    <extensions>
     <gpxtpx:TrackPointExtension>
      <gpxtpx:cad>84</gpxtpx:cad>
     </gpxtpx:TrackPointExtension>
    </extensions>
   </trkpt>
   <trkpt lat="50.0589330" lon="19.9041880">
    <ele>204.6</ele>
    <time>2025-09-06T09:29:37Z</time>
    <extensions>
     <gpxtpx:TrackPointExtension>
      <gpxtpx:cad>84</gpxtpx:cad>
     </gpxtpx:TrackPointExtension>
    </extensions>
   </trkpt>
   <trkpt lat="50.0589110" lon="19.9042290">
    <ele>204.5</ele>
    <time>2025-09-06T09:29:38Z</time>
    <extensions>
     <gpxtpx:TrackPointExtension>
      <gpxtpx:cad>83</gpxtpx:cad>
     </gpxtpx:TrackPointExtension>
    </extensions>
   </trkpt>
   <trkpt lat="50.0588920" lon="19.9042590">
    <ele>204.5</ele>
    <time>2025-09-06T09:29:39Z</time>
    <extensions>
     <gpxtpx:TrackPointExtension>
      <gpxtpx:cad>83</gpxtpx:cad>
     </gpxtpx:TrackPointExtension>
    </extensions>
   </trkpt>
   <trkpt lat="50.0588620" lon="19.9043020">
    <ele>204.5</ele>
    <time>2025-09-06T09:29:40Z</time>
    <extensions>
     <gpxtpx:TrackPointExtension>
      <gpxtpx:cad>83</gpxtpx:cad>
     </gpxtpx:TrackPointExtension>
    </extensions>
   </trkpt>
   <trkpt lat="50.0588320" lon="19.9043510">
    <ele>204.5</ele>
    <time>2025-09-06T09:29:41Z</time>
    <extensions>
     <gpxtpx:TrackPointExtension>
      <gpxtpx:cad>83</gpxtpx:cad>
     </gpxtpx:TrackPointExtension>
    </extensions>
   </trkpt>
   <trkpt lat="50.0588200" lon="19.9043680">
    <ele>204.5</ele>
    <time>2025-09-06T09:29:42Z</time>
    <extensions>
     <gpxtpx:TrackPointExtension>
      <gpxtpx:cad>84</gpxtpx:cad>
     </gpxtpx:TrackPointExtension>
    </extensions>
   </trkpt>
   <trkpt lat="50.0587930" lon="19.9044040">
    <ele>204.5</ele>
    <time>2025-09-06T09:29:43Z</time>
    <extensions>
     <gpxtpx:TrackPointExtension>
      <gpxtpx:cad>84</gpxtpx:cad>
     </gpxtpx:TrackPointExtension>
    </extensions>
   </trkpt>
   <trkpt lat="50.0587670" lon="19.9044390">
    <ele>204.5</ele>
    <time>2025-09-06T09:29:44Z</time>
    <extensions>
     <gpxtpx:TrackPointExtension>
      <gpxtpx:cad>83</gpxtpx:cad>
     </gpxtpx:TrackPointExtension>
    </extensions>
   </trkpt>
   <trkpt lat="50.0587390" lon="19.9044760">
    <ele>204.4</ele>
    <time>2025-09-06T09:29:45Z</time>
    <extensions>
     <gpxtpx:TrackPointExtension>
      <gpxtpx:cad>83</gpxtpx:cad>
     </gpxtpx:TrackPointExtension>
    </extensions>
   </trkpt>
   <trkpt lat="50.0587100" lon="19.9045130">
    <ele>204.4</ele>
    <time>2025-09-06T09:29:46Z</time>
    <extensions>
     <gpxtpx:TrackPointExtension>
      <gpxtpx:cad>84</gpxtpx:cad>
     </gpxtpx:TrackPointExtension>
    </extensions>
   </trkpt>
   <trkpt lat="50.0586990" lon="19.9045280">
    <ele>204.4</ele>
    <time>2025-09-06T09:29:47Z</time>
    <extensions>
     <gpxtpx:TrackPointExtension>
      <gpxtpx:cad>84</gpxtpx:cad>
     </gpxtpx:TrackPointExtension>
    </extensions>
   </trkpt>
   <trkpt lat="50.0586700" lon="19.9045710">
    <ele>204.4</ele>
    <time>2025-09-06T09:29:48Z</time>
    <extensions>
     <gpxtpx:TrackPointExtension>
      <gpxtpx:cad>83</gpxtpx:cad>
     </gpxtpx:TrackPointExtension>
    </extensions>
   </trkpt>
   <trkpt lat="50.0586530" lon="19.9046030">
    <ele>204.4</ele>
    <time>2025-09-06T09:29:49Z</time>
    <extensions>
     <gpxtpx:TrackPointExtension>
      <gpxtpx:cad>83</gpxtpx:cad>
     </gpxtpx:TrackPointExtension>
    </extensions>
   </trkpt>
   <trkpt lat="50.0586330" lon="19.9046430">
    <ele>204.4</ele>
    <time>2025-09-06T09:29:50Z</time>
    <extensions>
     <gpxtpx:TrackPointExtension>
      <gpxtpx:cad>82</gpxtpx:cad>
     </gpxtpx:TrackPointExtension>
    </extensions>
   </trkpt>
   <trkpt lat="50.0586160" lon="19.9046840">
    <ele>204.4</ele>
    <time>2025-09-06T09:29:51Z</time>
    <extensions>
     <gpxtpx:TrackPointExtension>
      <gpxtpx:cad>82</gpxtpx:cad>
     </gpxtpx:TrackPointExtension>
    </extensions>
   </trkpt>
   <trkpt lat="50.0585820" lon="19.9047340">
    <ele>204.4</ele>
    <time>2025-09-06T09:29:52Z</time>
    <extensions>
     <gpxtpx:TrackPointExtension>
      <gpxtpx:cad>82</gpxtpx:cad>
     </gpxtpx:TrackPointExtension>
    </extensions>
   </trkpt>
   <trkpt lat="50.0585680" lon="19.9047550">
    <ele>204.4</ele>
    <time>2025-09-06T09:29:53Z</time>
    <extensions>
     <gpxtpx:TrackPointExtension>
      <gpxtpx:cad>82</gpxtpx:cad>
     </gpxtpx:TrackPointExtension>
    </extensions>
   </trkpt>
   <trkpt lat="50.0585400" lon="19.9048010">
    <ele>204.4</ele>
    <time>2025-09-06T09:29:54Z</time>
    <extensions>
     <gpxtpx:TrackPointExtension>
      <gpxtpx:cad>82</gpxtpx:cad>
     </gpxtpx:TrackPointExtension>
    </extensions>
   </trkpt>
   <trkpt lat="50.0585290" lon="19.9048210">
    <ele>204.4</ele>
    <time>2025-09-06T09:29:55Z</time>
    <extensions>
     <gpxtpx:TrackPointExtension>
      <gpxtpx:cad>82</gpxtpx:cad>
     </gpxtpx:TrackPointExtension>
    </extensions>
   </trkpt>
   <trkpt lat="50.0585060" lon="19.9048620">
    <ele>204.4</ele>
    <time>2025-09-06T09:29:56Z</time>
    <extensions>
     <gpxtpx:TrackPointExtension>
      <gpxtpx:cad>81</gpxtpx:cad>
     </gpxtpx:TrackPointExtension>
    </extensions>
   </trkpt>
   <trkpt lat="50.0584770" lon="19.9049100">
    <ele>204.4</ele>
    <time>2025-09-06T09:29:57Z</time>
    <extensions>
     <gpxtpx:TrackPointExtension>
      <gpxtpx:cad>81</gpxtpx:cad>
     </gpxtpx:TrackPointExtension>
    </extensions>
   </trkpt>
   <trkpt lat="50.0584650" lon="19.9049280">
    <ele>204.4</ele>
    <time>2025-09-06T09:29:58Z</time>
    <extensions>
     <gpxtpx:TrackPointExtension>
      <gpxtpx:cad>83</gpxtpx:cad>
     </gpxtpx:TrackPointExtension>
    </extensions>
   </trkpt>
   <trkpt lat="50.0584400" lon="19.9049630">
    <ele>204.4</ele>
    <time>2025-09-06T09:29:59Z</time>
    <extensions>
     <gpxtpx:TrackPointExtension>
      <gpxtpx:cad>83</gpxtpx:cad>
     </gpxtpx:TrackPointExtension>
    </extensions>
   </trkpt>
   <trkpt lat="50.0584200" lon="19.9049920">
    <ele>204.4</ele>
    <time>2025-09-06T09:30:00Z</time>
    <extensions>
     <gpxtpx:TrackPointExtension>
      <gpxtpx:cad>83</gpxtpx:cad>
     </gpxtpx:TrackPointExtension>
    </extensions>
   </trkpt>
   <trkpt lat="50.0583900" lon="19.9050330">
    <ele>204.4</ele>
    <time>2025-09-06T09:30:01Z</time>
    <extensions>
     <gpxtpx:TrackPointExtension>
      <gpxtpx:cad>83</gpxtpx:cad>
     </gpxtpx:TrackPointExtension>
    </extensions>
   </trkpt>
   <trkpt lat="50.0583640" lon="19.9050630">
    <ele>204.4</ele>
    <time>2025-09-06T09:30:02Z</time>
    <extensions>
     <gpxtpx:TrackPointExtension>
      <gpxtpx:cad>83</gpxtpx:cad>
     </gpxtpx:TrackPointExtension>
    </extensions>
   </trkpt>
   <trkpt lat="50.0583330" lon="19.9050990">
    <ele>204.4</ele>
    <time>2025-09-06T09:30:03Z</time>
    <extensions>
     <gpxtpx:TrackPointExtension>
      <gpxtpx:cad>83</gpxtpx:cad>
     </gpxtpx:TrackPointExtension>
    </extensions>
   </trkpt>
   <trkpt lat="50.0583150" lon="19.9051180">
    <ele>204.4</ele>
    <time>2025-09-06T09:30:04Z</time>
    <extensions>
     <gpxtpx:TrackPointExtension>
      <gpxtpx:cad>84</gpxtpx:cad>
     </gpxtpx:TrackPointExtension>
    </extensions>
   </trkpt>
   <trkpt lat="50.0582870" lon="19.9051450">
    <ele>204.4</ele>
    <time>2025-09-06T09:30:05Z</time>
    <extensions>
     <gpxtpx:TrackPointExtension>
      <gpxtpx:cad>84</gpxtpx:cad>
     </gpxtpx:TrackPointExtension>
    </extensions>
   </trkpt>
   <trkpt lat="50.0582570" lon="19.9051760">
    <ele>204.4</ele>
    <time>2025-09-06T09:30:06Z</time>
    <extensions>
     <gpxtpx:TrackPointExtension>
      <gpxtpx:cad>82</gpxtpx:cad>
     </gpxtpx:TrackPointExtension>
    </extensions>
   </trkpt>
   <trkpt lat="50.0582290" lon="19.9052160">
    <ele>204.3</ele>
    <time>2025-09-06T09:30:07Z</time>
    <extensions>
     <gpxtpx:TrackPointExtension>
      <gpxtpx:cad>82</gpxtpx:cad>
     </gpxtpx:TrackPointExtension>
    </extensions>
   </trkpt>
   <trkpt lat="50.0582170" lon="19.9052340">
    <ele>204.3</ele>
    <time>2025-09-06T09:30:08Z</time>
    <extensions>
     <gpxtpx:TrackPointExtension>
      <gpxtpx:cad>81</gpxtpx:cad>
     </gpxtpx:TrackPointExtension>
    </extensions>
   </trkpt>
   <trkpt lat="50.0581960" lon="19.9052750">
    <ele>204.3</ele>
    <time>2025-09-06T09:30:09Z</time>
    <extensions>
     <gpxtpx:TrackPointExtension>
      <gpxtpx:cad>81</gpxtpx:cad>
     </gpxtpx:TrackPointExtension>
    </extensions>
   </trkpt>
   <trkpt lat="50.0581720" lon="19.9053270">
    <ele>204.3</ele>
    <time>2025-09-06T09:30:10Z</time>
    <extensions>
     <gpxtpx:TrackPointExtension>
      <gpxtpx:cad>81</gpxtpx:cad>
     </gpxtpx:TrackPointExtension>
    </extensions>
   </trkpt>
   <trkpt lat="50.0581610" lon="19.9053470">
    <ele>204.3</ele>
    <time>2025-09-06T09:30:11Z</time>
    <extensions>
     <gpxtpx:TrackPointExtension>
      <gpxtpx:cad>81</gpxtpx:cad>
     </gpxtpx:TrackPointExtension>
    </extensions>
   </trkpt>
   <trkpt lat="50.0581400" lon="19.9053940">
    <ele>204.3</ele>
    <time>2025-09-06T09:30:12Z</time>
    <extensions>
     <gpxtpx:TrackPointExtension>
      <gpxtpx:cad>81</gpxtpx:cad>
     </gpxtpx:TrackPointExtension>
    </extensions>
   </trkpt>
   <trkpt lat="50.0581220" lon="19.9054360">
    <ele>204.3</ele>
    <time>2025-09-06T09:30:13Z</time>
    <extensions>
     <gpxtpx:TrackPointExtension>
      <gpxtpx:cad>81</gpxtpx:cad>
     </gpxtpx:TrackPointExtension>
    </extensions>
   </trkpt>
   <trkpt lat="50.0580980" lon="19.9054870">
    <ele>204.4</ele>
    <time>2025-09-06T09:30:14Z</time>
    <extensions>
     <gpxtpx:TrackPointExtension>
      <gpxtpx:cad>82</gpxtpx:cad>
     </gpxtpx:TrackPointExtension>
    </extensions>
   </trkpt>
   <trkpt lat="50.0580870" lon="19.9055070">
    <ele>204.4</ele>
    <time>2025-09-06T09:30:15Z</time>
    <extensions>
     <gpxtpx:TrackPointExtension>
      <gpxtpx:cad>82</gpxtpx:cad>
     </gpxtpx:TrackPointExtension>
    </extensions>
   </trkpt>
   <trkpt lat="50.0580650" lon="19.9055440">
    <ele>204.4</ele>
    <time>2025-09-06T09:30:16Z</time>
    <extensions>
     <gpxtpx:TrackPointExtension>
      <gpxtpx:cad>81</gpxtpx:cad>
     </gpxtpx:TrackPointExtension>
    </extensions>
   </trkpt>
   <trkpt lat="50.0580410" lon="19.9055840">
    <ele>204.4</ele>
    <time>2025-09-06T09:30:17Z</time>
    <extensions>
     <gpxtpx:TrackPointExtension>
      <gpxtpx:cad>81</gpxtpx:cad>
     </gpxtpx:TrackPointExtension>
    </extensions>
   </trkpt>
   <trkpt lat="50.0580140" lon="19.9056280">
    <ele>204.4</ele>
    <time>2025-09-06T09:30:18Z</time>
    <extensions>
     <gpxtpx:TrackPointExtension>
      <gpxtpx:cad>83</gpxtpx:cad>
     </gpxtpx:TrackPointExtension>
    </extensions>
   </trkpt>
   <trkpt lat="50.0580010" lon="19.9056470">
    <ele>204.4</ele>
    <time>2025-09-06T09:30:19Z</time>
    <extensions>
     <gpxtpx:TrackPointExtension>
      <gpxtpx:cad>83</gpxtpx:cad>
     </gpxtpx:TrackPointExtension>
    </extensions>
   </trkpt>
   <trkpt lat="50.0579750" lon="19.9056830">
    <ele>204.4</ele>
    <time>2025-09-06T09:30:20Z</time>
    <extensions>
     <gpxtpx:TrackPointExtension>
      <gpxtpx:cad>81</gpxtpx:cad>
     </gpxtpx:TrackPointExtension>
    </extensions>
   </trkpt>
   <trkpt lat="50.0579530" lon="19.9057200">
    <ele>204.4</ele>
    <time>2025-09-06T09:30:21Z</time>
    <extensions>
     <gpxtpx:TrackPointExtension>
      <gpxtpx:cad>81</gpxtpx:cad>
     </gpxtpx:TrackPointExtension>
    </extensions>
   </trkpt>
   <trkpt lat="50.0579300" lon="19.9057710">
    <ele>204.5</ele>
    <time>2025-09-06T09:30:22Z</time>
    <extensions>
     <gpxtpx:TrackPointExtension>
      <gpxtpx:cad>82</gpxtpx:cad>
     </gpxtpx:TrackPointExtension>
    </extensions>
   </trkpt>
   <trkpt lat="50.0579200" lon="19.9057920">
    <ele>204.5</ele>
    <time>2025-09-06T09:30:23Z</time>
    <extensions>
     <gpxtpx:TrackPointExtension>
      <gpxtpx:cad>82</gpxtpx:cad>
     </gpxtpx:TrackPointExtension>
    </extensions>
   </trkpt>
   <trkpt lat="50.0578990" lon="19.9058300">
    <ele>204.5</ele>
    <time>2025-09-06T09:30:24Z</time>
    <extensions>
     <gpxtpx:TrackPointExtension>
      <gpxtpx:cad>81</gpxtpx:cad>
     </gpxtpx:TrackPointExtension>
    </extensions>
   </trkpt>
   <trkpt lat="50.0578830" lon="19.9058660">
    <ele>204.5</ele>
    <time>2025-09-06T09:30:25Z</time>
    <extensions>
     <gpxtpx:TrackPointExtension>
      <gpxtpx:cad>81</gpxtpx:cad>
     </gpxtpx:TrackPointExtension>
    </extensions>
   </trkpt>
   <trkpt lat="50.0578680" lon="19.9058890">
    <ele>204.5</ele>
    <time>2025-09-06T09:30:26Z</time>
    <extensions>
     <gpxtpx:TrackPointExtension>
      <gpxtpx:cad>79</gpxtpx:cad>
     </gpxtpx:TrackPointExtension>
    </extensions>
   </trkpt>
   <trkpt lat="50.0578460" lon="19.9059210">
    <ele>204.5</ele>
    <time>2025-09-06T09:30:27Z</time>
    <extensions>
     <gpxtpx:TrackPointExtension>
      <gpxtpx:cad>79</gpxtpx:cad>
     </gpxtpx:TrackPointExtension>
    </extensions>
   </trkpt>
   <trkpt lat="50.0578230" lon="19.9059550">
    <ele>204.6</ele>
    <time>2025-09-06T09:30:28Z</time>
    <extensions>
     <gpxtpx:TrackPointExtension>
      <gpxtpx:cad>78</gpxtpx:cad>
     </gpxtpx:TrackPointExtension>
    </extensions>
   </trkpt>
   <trkpt lat="50.0577990" lon="19.9059880">
    <ele>204.6</ele>
    <time>2025-09-06T09:30:29Z</time>
    <extensions>
     <gpxtpx:TrackPointExtension>
      <gpxtpx:cad>78</gpxtpx:cad>
     </gpxtpx:TrackPointExtension>
    </extensions>
   </trkpt>
   <trkpt lat="50.0577750" lon="19.9060190">
    <ele>204.6</ele>
    <time>2025-09-06T09:30:30Z</time>
    <extensions>
     <gpxtpx:TrackPointExtension>
      <gpxtpx:cad>81</gpxtpx:cad>
     </gpxtpx:TrackPointExtension>
    </extensions>
   </trkpt>
   <trkpt lat="50.0577470" lon="19.9060600">
    <ele>204.6</ele>
    <time>2025-09-06T09:30:31Z</time>
    <extensions>
     <gpxtpx:TrackPointExtension>
      <gpxtpx:cad>81</gpxtpx:cad>
     </gpxtpx:TrackPointExtension>
    </extensions>
   </trkpt>
   <trkpt lat="50.0577370" lon="19.9060740">
    <ele>204.6</ele>
    <time>2025-09-06T09:30:32Z</time>
    <extensions>
     <gpxtpx:TrackPointExtension>
      <gpxtpx:cad>80</gpxtpx:cad>
     </gpxtpx:TrackPointExtension>
    </extensions>
   </trkpt>
   <trkpt lat="50.0577190" lon="19.9061090">
    <ele>204.7</ele>
    <time>2025-09-06T09:30:33Z</time>
    <extensions>
     <gpxtpx:TrackPointExtension>
      <gpxtpx:cad>80</gpxtpx:cad>
     </gpxtpx:TrackPointExtension>
    </extensions>
   </trkpt>
   <trkpt lat="50.0576970" lon="19.9061440">
    <ele>204.7</ele>
    <time>2025-09-06T09:30:34Z</time>
    <extensions>
     <gpxtpx:TrackPointExtension>
      <gpxtpx:cad>80</gpxtpx:cad>
     </gpxtpx:TrackPointExtension>
    </extensions>
   </trkpt>
   <trkpt lat="50.0576690" lon="19.9061870">
    <ele>204.7</ele>
    <time>2025-09-06T09:30:35Z</time>
    <extensions>
     <gpxtpx:TrackPointExtension>
      <gpxtpx:cad>80</gpxtpx:cad>
     </gpxtpx:TrackPointExtension>
    </extensions>
   </trkpt>
   <trkpt lat="50.0576450" lon="19.9062260">
    <ele>204.8</ele>
    <time>2025-09-06T09:30:36Z</time>
    <extensions>
     <gpxtpx:TrackPointExtension>
      <gpxtpx:cad>82</gpxtpx:cad>
     </gpxtpx:TrackPointExtension>
    </extensions>
   </trkpt>
   <trkpt lat="50.0576240" lon="19.9062580">
    <ele>204.8</ele>
    <time>2025-09-06T09:30:37Z</time>
    <extensions>
     <gpxtpx:TrackPointExtension>
      <gpxtpx:cad>82</gpxtpx:cad>
     </gpxtpx:TrackPointExtension>
    </extensions>
   </trkpt>
   <trkpt lat="50.0576000" lon="19.9062960">
    <ele>204.8</ele>
    <time>2025-09-06T09:30:38Z</time>
    <extensions>
     <gpxtpx:TrackPointExtension>
      <gpxtpx:cad>81</gpxtpx:cad>
     </gpxtpx:TrackPointExtension>
    </extensions>
   </trkpt>
   <trkpt lat="50.0575760" lon="19.9063340">
    <ele>204.9</ele>
    <time>2025-09-06T09:30:39Z</time>
    <extensions>
     <gpxtpx:TrackPointExtension>
      <gpxtpx:cad>81</gpxtpx:cad>
     </gpxtpx:TrackPointExtension>
    </extensions>
   </trkpt>
   <trkpt lat="50.0575540" lon="19.9063710">
    <ele>204.9</ele>
    <time>2025-09-06T09:30:40Z</time>
    <extensions>
     <gpxtpx:TrackPointExtension>
      <gpxtpx:cad>81</gpxtpx:cad>
     </gpxtpx:TrackPointExtension>
    </extensions>
   </trkpt>
   <trkpt lat="50.0575450" lon="19.9063860">
    <ele>204.9</ele>
    <time>2025-09-06T09:30:41Z</time>
    <extensions>
     <gpxtpx:TrackPointExtension>
      <gpxtpx:cad>81</gpxtpx:cad>
     </gpxtpx:TrackPointExtension>
    </extensions>
   </trkpt>
   <trkpt lat="50.0575160" lon="19.9064420">
    <ele>205.0</ele>
    <time>2025-09-06T09:30:42Z</time>
    <extensions>
     <gpxtpx:TrackPointExtension>
      <gpxtpx:cad>83</gpxtpx:cad>
     </gpxtpx:TrackPointExtension>
    </extensions>
   </trkpt>
   <trkpt lat="50.0574960" lon="19.9064900">
    <ele>205.1</ele>
    <time>2025-09-06T09:30:43Z</time>
    <extensions>
     <gpxtpx:TrackPointExtension>
      <gpxtpx:cad>83</gpxtpx:cad>
     </gpxtpx:TrackPointExtension>
    </extensions>
   </trkpt>
   <trkpt lat="50.0574720" lon="19.9065290">
    <ele>205.1</ele>
    <time>2025-09-06T09:30:44Z</time>
    <extensions>
     <gpxtpx:TrackPointExtension>
      <gpxtpx:cad>81</gpxtpx:cad>
     </gpxtpx:TrackPointExtension>
    </extensions>
   </trkpt>
   <trkpt lat="50.0574420" lon="19.9065780">
    <ele>205.2</ele>
    <time>2025-09-06T09:30:45Z</time>
    <extensions>
     <gpxtpx:TrackPointExtension>
      <gpxtpx:cad>81</gpxtpx:cad>
     </gpxtpx:TrackPointExtension>
    </extensions>
   </trkpt>
   <trkpt lat="50.0574290" lon="19.9065980">
    <ele>205.2</ele>
    <time>2025-09-06T09:30:46Z</time>
    <extensions>
     <gpxtpx:TrackPointExtension>
      <gpxtpx:cad>82</gpxtpx:cad>
     </gpxtpx:TrackPointExtension>
    </extensions>
   </trkpt>
   <trkpt lat="50.0574060" lon="19.9066380">
    <ele>205.3</ele>
    <time>2025-09-06T09:30:47Z</time>
    <extensions>
     <gpxtpx:TrackPointExtension>
      <gpxtpx:cad>82</gpxtpx:cad>
     </gpxtpx:TrackPointExtension>
    </extensions>
   </trkpt>
   <trkpt lat="50.0573840" lon="19.9066800">
    <ele>205.3</ele>
    <time>2025-09-06T09:30:48Z</time>
    <extensions>
     <gpxtpx:TrackPointExtension>
      <gpxtpx:cad>82</gpxtpx:cad>
     </gpxtpx:TrackPointExtension>
    </extensions>
   </trkpt>
   <trkpt lat="50.0573670" lon="19.9067110">
    <ele>205.4</ele>
    <time>2025-09-06T09:30:49Z</time>
    <extensions>
     <gpxtpx:TrackPointExtension>
      <gpxtpx:cad>82</gpxtpx:cad>
     </gpxtpx:TrackPointExtension>
    </extensions>
   </trkpt>
   <trkpt lat="50.0573590" lon="19.9067250">
    <ele>205.4</ele>
    <time>2025-09-06T09:30:50Z</time>
    <extensions>
     <gpxtpx:TrackPointExtension>
      <gpxtpx:cad>82</gpxtpx:cad>
     </gpxtpx:TrackPointExtension>
    </extensions>
   </trkpt>
   <trkpt lat="50.0573250" lon="19.9067820">
    <ele>205.5</ele>
    <time>2025-09-06T09:30:51Z</time>
    <extensions>
     <gpxtpx:TrackPointExtension>
      <gpxtpx:cad>82</gpxtpx:cad>
     </gpxtpx:TrackPointExtension>
    </extensions>
   </trkpt>
   <trkpt lat="50.0573000" lon="19.9068290">
    <ele>205.6</ele>
    <time>2025-09-06T09:30:52Z</time>
    <extensions>
     <gpxtpx:TrackPointExtension>
      <gpxtpx:cad>82</gpxtpx:cad>
     </gpxtpx:TrackPointExtension>
    </extensions>
   </trkpt>
   <trkpt lat="50.0572800" lon="19.9068590">
    <ele>205.6</ele>
    <time>2025-09-06T09:30:53Z</time>
    <extensions>
     <gpxtpx:TrackPointExtension>
      <gpxtpx:cad>82</gpxtpx:cad>
     </gpxtpx:TrackPointExtension>
    </extensions>
   </trkpt>
   <trkpt lat="50.0572530" lon="19.9068930">
    <ele>205.7</ele>
    <time>2025-09-06T09:30:54Z</time>
    <extensions>
     <gpxtpx:TrackPointExtension>
      <gpxtpx:cad>81</gpxtpx:cad>
     </gpxtpx:TrackPointExtension>
    </extensions>
   </trkpt>
   <trkpt lat="50.0572280" lon="19.9069260">
    <ele>205.8</ele>
    <time>2025-09-06T09:30:55Z</time>
    <extensions>
     <gpxtpx:TrackPointExtension>
      <gpxtpx:cad>81</gpxtpx:cad>
     </gpxtpx:TrackPointExtension>
    </extensions>
   </trkpt>
   <trkpt lat="50.0572040" lon="19.9069580">
    <ele>205.9</ele>
    <time>2025-09-06T09:30:56Z</time>
    <extensions>
     <gpxtpx:TrackPointExtension>
      <gpxtpx:cad>82</gpxtpx:cad>
     </gpxtpx:TrackPointExtension>
    </extensions>
   </trkpt>
   <trkpt lat="50.0571790" lon="19.9069980">
    <ele>205.9</ele>
    <time>2025-09-06T09:30:57Z</time>
    <extensions>
     <gpxtpx:TrackPointExtension>
      <gpxtpx:cad>82</gpxtpx:cad>
     </gpxtpx:TrackPointExtension>
    </extensions>
   </trkpt>
   <trkpt lat="50.0571700" lon="19.9070130">
    <ele>206.0</ele>
    <time>2025-09-06T09:30:58Z</time>
    <extensions>
     <gpxtpx:TrackPointExtension>
      <gpxtpx:cad>81</gpxtpx:cad>
     </gpxtpx:TrackPointExtension>
    </extensions>
   </trkpt>
   <trkpt lat="50.0571440" lon="19.9070550">
    <ele>206.1</ele>
    <time>2025-09-06T09:30:59Z</time>
    <extensions>
     <gpxtpx:TrackPointExtension>
      <gpxtpx:cad>81</gpxtpx:cad>
     </gpxtpx:TrackPointExtension>
    </extensions>
   </trkpt>
   <trkpt lat="50.0571250" lon="19.9070860">
    <ele>206.1</ele>
    <time>2025-09-06T09:31:00Z</time>
    <extensions>
     <gpxtpx:TrackPointExtension>
      <gpxtpx:cad>83</gpxtpx:cad>
     </gpxtpx:TrackPointExtension>
    </extensions>
   </trkpt>
   <trkpt lat="50.0571030" lon="19.9071220">
    <ele>206.2</ele>
    <time>2025-09-06T09:31:01Z</time>
    <extensions>
     <gpxtpx:TrackPointExtension>
      <gpxtpx:cad>83</gpxtpx:cad>
     </gpxtpx:TrackPointExtension>
    </extensions>
   </trkpt>
   <trkpt lat="50.0570840" lon="19.9071620">
    <ele>206.3</ele>
    <time>2025-09-06T09:31:02Z</time>
    <extensions>
     <gpxtpx:TrackPointExtension>
      <gpxtpx:cad>82</gpxtpx:cad>
     </gpxtpx:TrackPointExtension>
    </extensions>
   </trkpt>
   <trkpt lat="50.0570790" lon="19.9071750">
    <ele>206.3</ele>
    <time>2025-09-06T09:31:03Z</time>
    <extensions>
     <gpxtpx:TrackPointExtension>
      <gpxtpx:cad>82</gpxtpx:cad>
     </gpxtpx:TrackPointExtension>
    </extensions>
   </trkpt>
   <trkpt lat="50.0570520" lon="19.9072220">
    <ele>206.4</ele>
    <time>2025-09-06T09:31:04Z</time>
    <extensions>
     <gpxtpx:TrackPointExtension>
      <gpxtpx:cad>81</gpxtpx:cad>
     </gpxtpx:TrackPointExtension>
    </extensions>
   </trkpt>
   <trkpt lat="50.0570340" lon="19.9072500">
    <ele>206.4</ele>
    <time>2025-09-06T09:31:05Z</time>
    <extensions>
     <gpxtpx:TrackPointExtension>
      <gpxtpx:cad>81</gpxtpx:cad>
     </gpxtpx:TrackPointExtension>
    </extensions>
   </trkpt>
   <trkpt lat="50.0570240" lon="19.9072690">
    <ele>206.4</ele>
    <time>2025-09-06T09:31:06Z</time>
    <extensions>
     <gpxtpx:TrackPointExtension>
      <gpxtpx:cad>83</gpxtpx:cad>
     </gpxtpx:TrackPointExtension>
    </extensions>
   </trkpt>
   <trkpt lat="50.0570020" lon="19.9073310">
    <ele>206.4</ele>
    <time>2025-09-06T09:31:07Z</time>
    <extensions>
     <gpxtpx:TrackPointExtension>
      <gpxtpx:cad>83</gpxtpx:cad>
     </gpxtpx:TrackPointExtension>
    </extensions>
   </trkpt>
   <trkpt lat="50.0569960" lon="19.9073880">
    <ele>206.3</ele>
    <time>2025-09-06T09:31:08Z</time>
    <extensions>
     <gpxtpx:TrackPointExtension>
      <gpxtpx:cad>81</gpxtpx:cad>
     </gpxtpx:TrackPointExtension>
    </extensions>
   </trkpt>
   <trkpt lat="50.0570010" lon="19.9074550">
    <ele>206.3</ele>
    <time>2025-09-06T09:31:09Z</time>
    <extensions>
     <gpxtpx:TrackPointExtension>
      <gpxtpx:cad>81</gpxtpx:cad>
     </gpxtpx:TrackPointExtension>
    </extensions>
   </trkpt>
   <trkpt lat="50.0570030" lon="19.9074840">
    <ele>206.3</ele>
    <time>2025-09-06T09:31:10Z</time>
    <extensions>
     <gpxtpx:TrackPointExtension>
      <gpxtpx:cad>82</gpxtpx:cad>
     </gpxtpx:TrackPointExtension>
    </extensions>
   </trkpt>
   <trkpt lat="50.0570080" lon="19.9075340">
    <ele>206.2</ele>
    <time>2025-09-06T09:31:11Z</time>
    <extensions>
     <gpxtpx:TrackPointExtension>
      <gpxtpx:cad>82</gpxtpx:cad>
     </gpxtpx:TrackPointExtension>
    </extensions>
   </trkpt>
   <trkpt lat="50.0570160" lon="19.9075970">
    <ele>206.2</ele>
    <time>2025-09-06T09:31:12Z</time>
    <extensions>
     <gpxtpx:TrackPointExtension>
      <gpxtpx:cad>83</gpxtpx:cad>
     </gpxtpx:TrackPointExtension>
    </extensions>
   </trkpt>
   <trkpt lat="50.0570190" lon="19.9076260">
    <ele>206.2</ele>
    <time>2025-09-06T09:31:13Z</time>
    <extensions>
     <gpxtpx:TrackPointExtension>
      <gpxtpx:cad>83</gpxtpx:cad>
     </gpxtpx:TrackPointExtension>
    </extensions>
   </trkpt>
   <trkpt lat="50.0570260" lon="19.9076750">
    <ele>206.1</ele>
    <time>2025-09-06T09:31:14Z</time>
    <extensions>
     <gpxtpx:TrackPointExtension>
      <gpxtpx:cad>82</gpxtpx:cad>
     </gpxtpx:TrackPointExtension>
    </extensions>
   </trkpt>
   <trkpt lat="50.0570310" lon="19.9077260">
    <ele>206.1</ele>
    <time>2025-09-06T09:31:15Z</time>
    <extensions>
     <gpxtpx:TrackPointExtension>
      <gpxtpx:cad>82</gpxtpx:cad>
     </gpxtpx:TrackPointExtension>
    </extensions>
   </trkpt>
   <trkpt lat="50.0570390" lon="19.9077720">
    <ele>206.0</ele>
    <time>2025-09-06T09:31:16Z</time>
    <extensions>
     <gpxtpx:TrackPointExtension>
      <gpxtpx:cad>83</gpxtpx:cad>
     </gpxtpx:TrackPointExtension>
    </extensions>
   </trkpt>
   <trkpt lat="50.0570490" lon="19.9078380">
    <ele>206.0</ele>
    <time>2025-09-06T09:31:17Z</time>
    <extensions>
     <gpxtpx:TrackPointExtension>
      <gpxtpx:cad>83</gpxtpx:cad>
     </gpxtpx:TrackPointExtension>
    </extensions>
   </trkpt>
   <trkpt lat="50.0570510" lon="19.9078660">
    <ele>205.9</ele>
    <time>2025-09-06T09:31:18Z</time>
    <extensions>
     <gpxtpx:TrackPointExtension>
      <gpxtpx:cad>83</gpxtpx:cad>
     </gpxtpx:TrackPointExtension>
    </extensions>
   </trkpt>
   <trkpt lat="50.0570560" lon="19.9079230">
    <ele>205.9</ele>
    <time>2025-09-06T09:31:19Z</time>
    <extensions>
     <gpxtpx:TrackPointExtension>
      <gpxtpx:cad>83</gpxtpx:cad>
     </gpxtpx:TrackPointExtension>
    </extensions>
   </trkpt>
   <trkpt lat="50.0570570" lon="19.9079820">
    <ele>205.8</ele>
    <time>2025-09-06T09:31:20Z</time>
    <extensions>
     <gpxtpx:TrackPointExtension>
      <gpxtpx:cad>84</gpxtpx:cad>
     </gpxtpx:TrackPointExtension>
    </extensions>
   </trkpt>
   <trkpt lat="50.0570540" lon="19.9080060">
    <ele>205.8</ele>
    <time>2025-09-06T09:31:21Z</time>
    <extensions>
     <gpxtpx:TrackPointExtension>
      <gpxtpx:cad>84</gpxtpx:cad>
     </gpxtpx:TrackPointExtension>
    </extensions>
   </trkpt>
   <trkpt lat="50.0570560" lon="19.9080500">
    <ele>205.8</ele>
    <time>2025-09-06T09:31:22Z</time>
    <extensions>
     <gpxtpx:TrackPointExtension>
      <gpxtpx:cad>83</gpxtpx:cad>
     </gpxtpx:TrackPointExtension>
    </extensions>
   </trkpt>
   <trkpt lat="50.0570580" lon="19.9080940">
    <ele>205.7</ele>
    <time>2025-09-06T09:31:23Z</time>
    <extensions>
     <gpxtpx:TrackPointExtension>
      <gpxtpx:cad>83</gpxtpx:cad>
     </gpxtpx:TrackPointExtension>
    </extensions>
   </trkpt>
   <trkpt lat="50.0570640" lon="19.9081750">
    <ele>205.6</ele>
    <time>2025-09-06T09:31:24Z</time>
    <extensions>
     <gpxtpx:TrackPointExtension>
      <gpxtpx:cad>83</gpxtpx:cad>
     </gpxtpx:TrackPointExtension>
    </extensions>
   </trkpt>
   <trkpt lat="50.0570700" lon="19.9082270">
    <ele>205.6</ele>
    <time>2025-09-06T09:31:25Z</time>
    <extensions>
     <gpxtpx:TrackPointExtension>
      <gpxtpx:cad>83</gpxtpx:cad>
     </gpxtpx:TrackPointExtension>
    </extensions>
   </trkpt>
   <trkpt lat="50.0570750" lon="19.9082790">
    <ele>205.5</ele>
    <time>2025-09-06T09:31:26Z</time>
    <extensions>
     <gpxtpx:TrackPointExtension>
      <gpxtpx:cad>83</gpxtpx:cad>
     </gpxtpx:TrackPointExtension>
    </extensions>
   </trkpt>
   <trkpt lat="50.0570810" lon="19.9083370">
    <ele>205.5</ele>
    <time>2025-09-06T09:31:27Z</time>
    <extensions>
     <gpxtpx:TrackPointExtension>
      <gpxtpx:cad>83</gpxtpx:cad>
     </gpxtpx:TrackPointExtension>
    </extensions>
   </trkpt>
   <trkpt lat="50.0570910" lon="19.9083900">
    <ele>205.4</ele>
    <time>2025-09-06T09:31:28Z</time>
    <extensions>
     <gpxtpx:TrackPointExtension>
      <gpxtpx:cad>80</gpxtpx:cad>
     </gpxtpx:TrackPointExtension>
    </extensions>
   </trkpt>
   <trkpt lat="50.0570950" lon="19.9084070">
    <ele>205.4</ele>
    <time>2025-09-06T09:31:29Z</time>
    <extensions>
     <gpxtpx:TrackPointExtension>
      <gpxtpx:cad>80</gpxtpx:cad>
     </gpxtpx:TrackPointExtension>
    </extensions>
   </trkpt>
   <trkpt lat="50.0571070" lon="19.9084490">
    <ele>205.3</ele>
    <time>2025-09-06T09:31:30Z</time>
    <extensions>
     <gpxtpx:TrackPointExtension>
      <gpxtpx:cad>83</gpxtpx:cad>
     </gpxtpx:TrackPointExtension>
    </extensions>
   </trkpt>
   <trkpt lat="50.0571130" lon="19.9085200">
    <ele>205.2</ele>
    <time>2025-09-06T09:31:31Z</time>
    <extensions>
     <gpxtpx:TrackPointExtension>
      <gpxtpx:cad>83</gpxtpx:cad>
     </gpxtpx:TrackPointExtension>
    </extensions>
   </trkpt>
   <trkpt lat="50.0571150" lon="19.9085790">
    <ele>205.2</ele>
    <time>2025-09-06T09:31:32Z</time>
    <extensions>
     <gpxtpx:TrackPointExtension>
      <gpxtpx:cad>82</gpxtpx:cad>
     </gpxtpx:TrackPointExtension>
    </extensions>
   </trkpt>
   <trkpt lat="50.0571200" lon="19.9086470">
    <ele>205.1</ele>
    <time>2025-09-06T09:31:33Z</time>
    <extensions>
     <gpxtpx:TrackPointExtension>
      <gpxtpx:cad>82</gpxtpx:cad>
     </gpxtpx:TrackPointExtension>
    </extensions>
   </trkpt>
   <trkpt lat="50.0571230" lon="19.9086750">
    <ele>205.1</ele>
    <time>2025-09-06T09:31:34Z</time>
    <extensions>
     <gpxtpx:TrackPointExtension>
      <gpxtpx:cad>80</gpxtpx:cad>
     </gpxtpx:TrackPointExtension>
    </extensions>
   </trkpt>
   <trkpt lat="50.0571260" lon="19.9087180">
    <ele>205.0</ele>
    <time>2025-09-06T09:31:35Z</time>
    <extensions>
     <gpxtpx:TrackPointExtension>
      <gpxtpx:cad>80</gpxtpx:cad>
     </gpxtpx:TrackPointExtension>
    </extensions>
   </trkpt>
   <trkpt lat="50.0571430" lon="19.9087690">
    <ele>205.0</ele>
    <time>2025-09-06T09:31:36Z</time>
    <extensions>
     <gpxtpx:TrackPointExtension>
      <gpxtpx:cad>80</gpxtpx:cad>
     </gpxtpx:TrackPointExtension>
    </extensions>
   </trkpt>
   <trkpt lat="50.0571520" lon="19.9088030">
    <ele>204.9</ele>
    <time>2025-09-06T09:31:37Z</time>
    <extensions>
     <gpxtpx:TrackPointExtension>
      <gpxtpx:cad>80</gpxtpx:cad>
     </gpxtpx:TrackPointExtension>
    </extensions>
   </trkpt>
   <trkpt lat="50.0571590" lon="19.9088630">
    <ele>204.8</ele>
    <time>2025-09-06T09:31:38Z</time>
    <extensions>
     <gpxtpx:TrackPointExtension>
      <gpxtpx:cad>82</gpxtpx:cad>
     </gpxtpx:TrackPointExtension>
    </extensions>
   </trkpt>
   <trkpt lat="50.0571660" lon="19.9089180">
    <ele>204.8</ele>
    <time>2025-09-06T09:31:39Z</time>
    <extensions>
     <gpxtpx:TrackPointExtension>
      <gpxtpx:cad>82</gpxtpx:cad>
     </gpxtpx:TrackPointExtension>
    </extensions>
   </trkpt>
   <trkpt lat="50.0571730" lon="19.9089840">
    <ele>204.7</ele>
    <time>2025-09-06T09:31:40Z</time>
    <extensions>
     <gpxtpx:TrackPointExtension>
      <gpxtpx:cad>82</gpxtpx:cad>
     </gpxtpx:TrackPointExtension>
    </extensions>
   </trkpt>
   <trkpt lat="50.0571750" lon="19.9090110">
    <ele>204.7</ele>
    <time>2025-09-06T09:31:41Z</time>
    <extensions>
     <gpxtpx:TrackPointExtension>
      <gpxtpx:cad>82</gpxtpx:cad>
     </gpxtpx:TrackPointExtension>
    </extensions>
   </trkpt>
   <trkpt lat="50.0571800" lon="19.9090600">
    <ele>204.6</ele>
    <time>2025-09-06T09:31:42Z</time>
    <extensions>
     <gpxtpx:TrackPointExtension>
      <gpxtpx:cad>82</gpxtpx:cad>
     </gpxtpx:TrackPointExtension>
    </extensions>
   </trkpt>
   <trkpt lat="50.0571810" lon="19.9090740">
    <ele>204.6</ele>
    <time>2025-09-06T09:31:43Z</time>
    <extensions>
     <gpxtpx:TrackPointExtension>
      <gpxtpx:cad>82</gpxtpx:cad>
     </gpxtpx:TrackPointExtension>
    </extensions>
   </trkpt>
   <trkpt lat="50.0571960" lon="19.9091310">
    <ele>204.5</ele>
    <time>2025-09-06T09:31:44Z</time>
    <extensions>
     <gpxtpx:TrackPointExtension>
      <gpxtpx:cad>82</gpxtpx:cad>
     </gpxtpx:TrackPointExtension>
    </extensions>
   </trkpt>
   <trkpt lat="50.0572050" lon="19.9091620">
    <ele>204.5</ele>
    <time>2025-09-06T09:31:45Z</time>
    <extensions>
     <gpxtpx:TrackPointExtension>
      <gpxtpx:cad>82</gpxtpx:cad>
     </gpxtpx:TrackPointExtension>
    </extensions>
   </trkpt>
   <trkpt lat="50.0572200" lon="19.9092140">
    <ele>204.4</ele>
    <time>2025-09-06T09:31:46Z</time>
    <extensions>
     <gpxtpx:TrackPointExtension>
      <gpxtpx:cad>82</gpxtpx:cad>
     </gpxtpx:TrackPointExtension>
    </extensions>
   </trkpt>
   <trkpt lat="50.0572340" lon="19.9092520">
    <ele>204.4</ele>
    <time>2025-09-06T09:31:47Z</time>
    <extensions>
     <gpxtpx:TrackPointExtension>
      <gpxtpx:cad>82</gpxtpx:cad>
     </gpxtpx:TrackPointExtension>
    </extensions>
   </trkpt>
   <trkpt lat="50.0572450" lon="19.9092960">
    <ele>204.3</ele>
    <time>2025-09-06T09:31:48Z</time>
    <extensions>
     <gpxtpx:TrackPointExtension>
      <gpxtpx:cad>83</gpxtpx:cad>
     </gpxtpx:TrackPointExtension>
    </extensions>
   </trkpt>
   <trkpt lat="50.0572490" lon="19.9093120">
    <ele>204.3</ele>
    <time>2025-09-06T09:31:49Z</time>
    <extensions>
     <gpxtpx:TrackPointExtension>
      <gpxtpx:cad>83</gpxtpx:cad>
     </gpxtpx:TrackPointExtension>
    </extensions>
   </trkpt>
   <trkpt lat="50.0572590" lon="19.9093550">
    <ele>204.3</ele>
    <time>2025-09-06T09:31:50Z</time>
    <extensions>
     <gpxtpx:TrackPointExtension>
      <gpxtpx:cad>84</gpxtpx:cad>
     </gpxtpx:TrackPointExtension>
    </extensions>
   </trkpt>
   <trkpt lat="50.0572610" lon="19.9093980">
    <ele>204.2</ele>
    <time>2025-09-06T09:31:51Z</time>
    <extensions>
     <gpxtpx:TrackPointExtension>
      <gpxtpx:cad>84</gpxtpx:cad>
     </gpxtpx:TrackPointExtension>
    </extensions>
   </trkpt>
   <trkpt lat="50.0572580" lon="19.9094160">
    <ele>204.2</ele>
    <time>2025-09-06T09:31:52Z</time>
    <extensions>
     <gpxtpx:TrackPointExtension>
      <gpxtpx:cad>82</gpxtpx:cad>
     </gpxtpx:TrackPointExtension>
    </extensions>
   </trkpt>
   <trkpt lat="50.0572560" lon="19.9094620">
    <ele>204.2</ele>
    <time>2025-09-06T09:31:53Z</time>
    <extensions>
     <gpxtpx:TrackPointExtension>
      <gpxtpx:cad>82</gpxtpx:cad>
     </gpxtpx:TrackPointExtension>
    </extensions>
   </trkpt>
   <trkpt lat="50.0572610" lon="19.9095110">
    <ele>204.1</ele>
    <time>2025-09-06T09:31:54Z</time>
    <extensions>
     <gpxtpx:TrackPointExtension>
      <gpxtpx:cad>84</gpxtpx:cad>
     </gpxtpx:TrackPointExtension>
    </extensions>
   </trkpt>
   <trkpt lat="50.0572660" lon="19.9095720">
    <ele>204.1</ele>
    <time>2025-09-06T09:31:55Z</time>
    <extensions>
     <gpxtpx:TrackPointExtension>
      <gpxtpx:cad>84</gpxtpx:cad>
     </gpxtpx:TrackPointExtension>
    </extensions>
   </trkpt>
   <trkpt lat="50.0572720" lon="19.9096160">
    <ele>204.1</ele>
    <time>2025-09-06T09:31:56Z</time>
    <extensions>
     <gpxtpx:TrackPointExtension>
      <gpxtpx:cad>82</gpxtpx:cad>
     </gpxtpx:TrackPointExtension>
    </extensions>
   </trkpt>
   <trkpt lat="50.0572740" lon="19.9096650">
    <ele>204.0</ele>
    <time>2025-09-06T09:31:57Z</time>
    <extensions>
     <gpxtpx:TrackPointExtension>
      <gpxtpx:cad>82</gpxtpx:cad>
     </gpxtpx:TrackPointExtension>
    </extensions>
   </trkpt>
   <trkpt lat="50.0572790" lon="19.9097150">
    <ele>204.0</ele>
    <time>2025-09-06T09:31:58Z</time>
    <extensions>
     <gpxtpx:TrackPointExtension>
      <gpxtpx:cad>84</gpxtpx:cad>
     </gpxtpx:TrackPointExtension>
    </extensions>
   </trkpt>
   <trkpt lat="50.0572820" lon="19.9097780">
    <ele>204.0</ele>
    <time>2025-09-06T09:31:59Z</time>
    <extensions>
     <gpxtpx:TrackPointExtension>
      <gpxtpx:cad>84</gpxtpx:cad>
     </gpxtpx:TrackPointExtension>
    </extensions>
   </trkpt>
   <trkpt lat="50.0572820" lon="19.9098080">
    <ele>203.9</ele>
    <time>2025-09-06T09:32:00Z</time>
    <extensions>
     <gpxtpx:TrackPointExtension>
      <gpxtpx:cad>85</gpxtpx:cad>
     </gpxtpx:TrackPointExtension>
    </extensions>
   </trkpt>
   <trkpt lat="50.0572910" lon="19.9098570">
    <ele>203.9</ele>
    <time>2025-09-06T09:32:01Z</time>
    <extensions>
     <gpxtpx:TrackPointExtension>
      <gpxtpx:cad>85</gpxtpx:cad>
     </gpxtpx:TrackPointExtension>
    </extensions>
   </trkpt>
   <trkpt lat="50.0573070" lon="19.9099210">
    <ele>203.9</ele>
    <time>2025-09-06T09:32:02Z</time>
    <extensions>
     <gpxtpx:TrackPointExtension>
      <gpxtpx:cad>83</gpxtpx:cad>
     </gpxtpx:TrackPointExtension>
    </extensions>
   </trkpt>
   <trkpt lat="50.0573120" lon="19.9099490">
    <ele>203.9</ele>
    <time>2025-09-06T09:32:03Z</time>
    <extensions>
     <gpxtpx:TrackPointExtension>
      <gpxtpx:cad>83</gpxtpx:cad>
     </gpxtpx:TrackPointExtension>
    </extensions>
   </trkpt>
   <trkpt lat="50.0573240" lon="19.9099990">
    <ele>203.9</ele>
    <time>2025-09-06T09:32:04Z</time>
    <extensions>
     <gpxtpx:TrackPointExtension>
      <gpxtpx:cad>81</gpxtpx:cad>
     </gpxtpx:TrackPointExtension>
    </extensions>
   </trkpt>
   <trkpt lat="50.0573350" lon="19.9100410">
    <ele>203.9</ele>
    <time>2025-09-06T09:32:05Z</time>
    <extensions>
     <gpxtpx:TrackPointExtension>
      <gpxtpx:cad>81</gpxtpx:cad>
     </gpxtpx:TrackPointExtension>
    </extensions>
   </trkpt>
   <trkpt lat="50.0573410" lon="19.9100940">
    <ele>203.8</ele>
    <time>2025-09-06T09:32:06Z</time>
    <extensions>
     <gpxtpx:TrackPointExtension>
      <gpxtpx:cad>81</gpxtpx:cad>
     </gpxtpx:TrackPointExtension>
    </extensions>
   </trkpt>
   <trkpt lat="50.0573480" lon="19.9101470">
    <ele>203.8</ele>
    <time>2025-09-06T09:32:07Z</time>
    <extensions>
     <gpxtpx:TrackPointExtension>
      <gpxtpx:cad>81</gpxtpx:cad>
     </gpxtpx:TrackPointExtension>
    </extensions>
   </trkpt>
   <trkpt lat="50.0573550" lon="19.9102000">
    <ele>203.8</ele>
    <time>2025-09-06T09:32:08Z</time>
    <extensions>
     <gpxtpx:TrackPointExtension>
      <gpxtpx:cad>82</gpxtpx:cad>
     </gpxtpx:TrackPointExtension>
    </extensions>
   </trkpt>
   <trkpt lat="50.0573560" lon="19.9102170">
    <ele>203.8</ele>
    <time>2025-09-06T09:32:09Z</time>
    <extensions>
     <gpxtpx:TrackPointExtension>
      <gpxtpx:cad>82</gpxtpx:cad>
     </gpxtpx:TrackPointExtension>
    </extensions>
   </trkpt>
   <trkpt lat="50.0573680" lon="19.9102730">
    <ele>203.8</ele>
    <time>2025-09-06T09:32:10Z</time>
    <extensions>
     <gpxtpx:TrackPointExtension>
      <gpxtpx:cad>81</gpxtpx:cad>
     </gpxtpx:TrackPointExtension>
    </extensions>
   </trkpt>
   <trkpt lat="50.0573740" lon="19.9103110">
    <ele>203.8</ele>
    <time>2025-09-06T09:32:11Z</time>
    <extensions>
     <gpxtpx:TrackPointExtension>
      <gpxtpx:cad>81</gpxtpx:cad>
     </gpxtpx:TrackPointExtension>
    </extensions>
   </trkpt>
   <trkpt lat="50.0573800" lon="19.9103610">
    <ele>203.8</ele>
    <time>2025-09-06T09:32:12Z</time>
    <extensions>
     <gpxtpx:TrackPointExtension>
      <gpxtpx:cad>84</gpxtpx:cad>
     </gpxtpx:TrackPointExtension>
    </extensions>
   </trkpt>
   <trkpt lat="50.0573850" lon="19.9104240">
    <ele>203.8</ele>
    <time>2025-09-06T09:32:13Z</time>
    <extensions>
     <gpxtpx:TrackPointExtension>
      <gpxtpx:cad>84</gpxtpx:cad>
     </gpxtpx:TrackPointExtension>
    </extensions>
   </trkpt>
   <trkpt lat="50.0574020" lon="19.9104840">
    <ele>203.8</ele>
    <time>2025-09-06T09:32:14Z</time>
    <extensions>
     <gpxtpx:TrackPointExtension>
      <gpxtpx:cad>83</gpxtpx:cad>
     </gpxtpx:TrackPointExtension>
    </extensions>
   </trkpt>
   <trkpt lat="50.0574090" lon="19.9105100">
    <ele>203.8</ele>
    <time>2025-09-06T09:32:15Z</time>
    <extensions>
     <gpxtpx:TrackPointExtension>
      <gpxtpx:cad>83</gpxtpx:cad>
     </gpxtpx:TrackPointExtension>
    </extensions>
   </trkpt>
   <trkpt lat="50.0574230" lon="19.9105570">
    <ele>203.8</ele>
    <time>2025-09-06T09:32:16Z</time>
    <extensions>
     <gpxtpx:TrackPointExtension>
      <gpxtpx:cad>81</gpxtpx:cad>
     </gpxtpx:TrackPointExtension>
    </extensions>
   </trkpt>
   <trkpt lat="50.0574330" lon="19.9106030">
    <ele>203.8</ele>
    <time>2025-09-06T09:32:17Z</time>
    <extensions>
     <gpxtpx:TrackPointExtension>
      <gpxtpx:cad>81</gpxtpx:cad>
     </gpxtpx:TrackPointExtension>
    </extensions>
   </trkpt>
   <trkpt lat="50.0574410" lon="19.9106750">
    <ele>203.8</ele>
    <time>2025-09-06T09:32:18Z</time>
    <extensions>
     <gpxtpx:TrackPointExtension>
      <gpxtpx:cad>81</gpxtpx:cad>
     </gpxtpx:TrackPointExtension>
    </extensions>
   </trkpt>
   <trkpt lat="50.0574440" lon="19.9107080">
    <ele>203.8</ele>
    <time>2025-09-06T09:32:19Z</time>
    <extensions>
     <gpxtpx:TrackPointExtension>
      <gpxtpx:cad>81</gpxtpx:cad>
     </gpxtpx:TrackPointExtension>
    </extensions>
   </trkpt>
   <trkpt lat="50.0574500" lon="19.9107620">
    <ele>203.8</ele>
    <time>2025-09-06T09:32:20Z</time>
    <extensions>
     <gpxtpx:TrackPointExtension>
      <gpxtpx:cad>82</gpxtpx:cad>
     </gpxtpx:TrackPointExtension>
    </extensions>
   </trkpt>
   <trkpt lat="50.0574560" lon="19.9108110">
    <ele>203.8</ele>
    <time>2025-09-06T09:32:21Z</time>
    <extensions>
     <gpxtpx:TrackPointExtension>
      <gpxtpx:cad>82</gpxtpx:cad>
     </gpxtpx:TrackPointExtension>
    </extensions>
   </trkpt>
   <trkpt lat="50.0574600" lon="19.9108720">
    <ele>203.8</ele>
    <time>2025-09-06T09:32:22Z</time>
    <extensions>
     <gpxtpx:TrackPointExtension>
      <gpxtpx:cad>81</gpxtpx:cad>
     </gpxtpx:TrackPointExtension>
    </extensions>
   </trkpt>
   <trkpt lat="50.0574620" lon="19.9109220">
    <ele>203.8</ele>
    <time>2025-09-06T09:32:23Z</time>
    <extensions>
     <gpxtpx:TrackPointExtension>
      <gpxtpx:cad>81</gpxtpx:cad>
     </gpxtpx:TrackPointExtension>
    </extensions>
   </trkpt>
   <trkpt lat="50.0574630" lon="19.9109740">
    <ele>203.8</ele>
    <time>2025-09-06T09:32:24Z</time>
    <extensions>
     <gpxtpx:TrackPointExtension>
      <gpxtpx:cad>81</gpxtpx:cad>
     </gpxtpx:TrackPointExtension>
    </extensions>
   </trkpt>
   <trkpt lat="50.0574650" lon="19.9110310">
    <ele>203.8</ele>
    <time>2025-09-06T09:32:25Z</time>
    <extensions>
     <gpxtpx:TrackPointExtension>
      <gpxtpx:cad>81</gpxtpx:cad>
     </gpxtpx:TrackPointExtension>
    </extensions>
   </trkpt>
   <trkpt lat="50.0574680" lon="19.9110810">
    <ele>203.8</ele>
    <time>2025-09-06T09:32:26Z</time>
    <extensions>
     <gpxtpx:TrackPointExtension>
      <gpxtpx:cad>80</gpxtpx:cad>
     </gpxtpx:TrackPointExtension>
    </extensions>
   </trkpt>
   <trkpt lat="50.0574740" lon="19.9111440">
    <ele>203.8</ele>
    <time>2025-09-06T09:32:27Z</time>
    <extensions>
     <gpxtpx:TrackPointExtension>
      <gpxtpx:cad>80</gpxtpx:cad>
     </gpxtpx:TrackPointExtension>
    </extensions>
   </trkpt>
   <trkpt lat="50.0574810" lon="19.9112070">
    <ele>203.8</ele>
    <time>2025-09-06T09:32:28Z</time>
    <extensions>
     <gpxtpx:TrackPointExtension>
      <gpxtpx:cad>81</gpxtpx:cad>
     </gpxtpx:TrackPointExtension>
    </extensions>
   </trkpt>
   <trkpt lat="50.0574840" lon="19.9112330">
    <ele>203.8</ele>
    <time>2025-09-06T09:32:29Z</time>
    <extensions>
     <gpxtpx:TrackPointExtension>
      <gpxtpx:cad>81</gpxtpx:cad>
     </gpxtpx:TrackPointExtension>
    </extensions>
   </trkpt>
   <trkpt lat="50.0574920" lon="19.9112800">
    <ele>203.7</ele>
    <time>2025-09-06T09:32:30Z</time>
    <extensions>
     <gpxtpx:TrackPointExtension>
      <gpxtpx:cad>82</gpxtpx:cad>
     </gpxtpx:TrackPointExtension>
    </extensions>
   </trkpt>
   <trkpt lat="50.0575000" lon="19.9113270">
    <ele>203.7</ele>
    <time>2025-09-06T09:32:31Z</time>
    <extensions>
     <gpxtpx:TrackPointExtension>
      <gpxtpx:cad>82</gpxtpx:cad>
     </gpxtpx:TrackPointExtension>
    </extensions>
   </trkpt>
   <trkpt lat="50.0575010" lon="19.9113390">
    <ele>203.7</ele>
    <time>2025-09-06T09:32:32Z</time>
    <extensions>
     <gpxtpx:TrackPointExtension>
      <gpxtpx:cad>81</gpxtpx:cad>
     </gpxtpx:TrackPointExtension>
    </extensions>
   </trkpt>
   <trkpt lat="50.0575070" lon="19.9113910">
    <ele>203.7</ele>
    <time>2025-09-06T09:32:33Z</time>
    <extensions>
     <gpxtpx:TrackPointExtension>
      <gpxtpx:cad>81</gpxtpx:cad>
     </gpxtpx:TrackPointExtension>
    </extensions>
   </trkpt>
   <trkpt lat="50.0575120" lon="19.9114510">
    <ele>203.7</ele>
    <time>2025-09-06T09:32:34Z</time>
    <extensions>
     <gpxtpx:TrackPointExtension>
      <gpxtpx:cad>80</gpxtpx:cad>
     </gpxtpx:TrackPointExtension>
    </extensions>
   </trkpt>
   <trkpt lat="50.0575180" lon="19.9114960">
    <ele>203.7</ele>
    <time>2025-09-06T09:32:35Z</time>
    <extensions>
     <gpxtpx:TrackPointExtension>
      <gpxtpx:cad>80</gpxtpx:cad>
     </gpxtpx:TrackPointExtension>
    </extensions>
   </trkpt>
   <trkpt lat="50.0575240" lon="19.9115730">
    <ele>203.7</ele>
    <time>2025-09-06T09:32:36Z</time>
    <extensions>
     <gpxtpx:TrackPointExtension>
      <gpxtpx:cad>81</gpxtpx:cad>
     </gpxtpx:TrackPointExtension>
    </extensions>
   </trkpt>
   <trkpt lat="50.0575230" lon="19.9116420">
    <ele>203.7</ele>
    <time>2025-09-06T09:32:37Z</time>
    <extensions>
     <gpxtpx:TrackPointExtension>
      <gpxtpx:cad>81</gpxtpx:cad>
     </gpxtpx:TrackPointExtension>
    </extensions>
   </trkpt>
   <trkpt lat="50.0575230" lon="19.9116930">
    <ele>203.7</ele>
    <time>2025-09-06T09:32:38Z</time>
    <extensions>
     <gpxtpx:TrackPointExtension>
      <gpxtpx:cad>79</gpxtpx:cad>
     </gpxtpx:TrackPointExtension>
    </extensions>
   </trkpt>
   <trkpt lat="50.0575240" lon="19.9117440">
    <ele>203.7</ele>
    <time>2025-09-06T09:32:39Z</time>
    <extensions>
     <gpxtpx:TrackPointExtension>
      <gpxtpx:cad>79</gpxtpx:cad>
     </gpxtpx:TrackPointExtension>
    </extensions>
   </trkpt>
   <trkpt lat="50.0575220" lon="19.9117980">
    <ele>203.7</ele>
    <time>2025-09-06T09:32:40Z</time>
    <extensions>
     <gpxtpx:TrackPointExtension>
      <gpxtpx:cad>80</gpxtpx:cad>
     </gpxtpx:TrackPointExtension>
    </extensions>
   </trkpt>
   <trkpt lat="50.0575200" lon="19.9118190">
    <ele>203.7</ele>
    <time>2025-09-06T09:32:41Z</time>
    <extensions>
     <gpxtpx:TrackPointExtension>
      <gpxtpx:cad>80</gpxtpx:cad>
     </gpxtpx:TrackPointExtension>
    </extensions>
   </trkpt>
   <trkpt lat="50.0575370" lon="19.9118560">
    <ele>203.7</ele>
    <time>2025-09-06T09:32:42Z</time>
    <extensions>
     <gpxtpx:TrackPointExtension>
      <gpxtpx:cad>84</gpxtpx:cad>
     </gpxtpx:TrackPointExtension>
    </extensions>
   </trkpt>
   <trkpt lat="50.0575480" lon="19.9118740">
    <ele>203.7</ele>
    <time>2025-09-06T09:32:43Z</time>
    <extensions>
     <gpxtpx:TrackPointExtension>
      <gpxtpx:cad>84</gpxtpx:cad>
     </gpxtpx:TrackPointExtension>
    </extensions>
   </trkpt>
   <trkpt lat="50.0575750" lon="19.9119210">
    <ele>203.7</ele>
    <time>2025-09-06T09:32:44Z</time>
    <extensions>
     <gpxtpx:TrackPointExtension>
      <gpxtpx:cad>81</gpxtpx:cad>
     </gpxtpx:TrackPointExtension>
    </extensions>
   </trkpt>
   <trkpt lat="50.0575900" lon="19.9119670">
    <ele>203.7</ele>
    <time>2025-09-06T09:32:45Z</time>
    <extensions>
     <gpxtpx:TrackPointExtension>
      <gpxtpx:cad>81</gpxtpx:cad>
     </gpxtpx:TrackPointExtension>
    </extensions>
   </trkpt>
   <trkpt lat="50.0575980" lon="19.9120210">
    <ele>203.7</ele>
    <time>2025-09-06T09:32:46Z</time>
    <extensions>
     <gpxtpx:TrackPointExtension>
      <gpxtpx:cad>81</gpxtpx:cad>
     </gpxtpx:TrackPointExtension>
    </extensions>
   </trkpt>
   <trkpt lat="50.0576090" lon="19.9120680">
    <ele>203.7</ele>
    <time>2025-09-06T09:32:47Z</time>
    <extensions>
     <gpxtpx:TrackPointExtension>
      <gpxtpx:cad>81</gpxtpx:cad>
     </gpxtpx:TrackPointExtension>
    </extensions>
   </trkpt>
   <trkpt lat="50.0576200" lon="19.9121140">
    <ele>203.7</ele>
    <time>2025-09-06T09:32:48Z</time>
    <extensions>
     <gpxtpx:TrackPointExtension>
      <gpxtpx:cad>80</gpxtpx:cad>
     </gpxtpx:TrackPointExtension>
    </extensions>
   </trkpt>
   <trkpt lat="50.0576280" lon="19.9121560">
    <ele>203.7</ele>
    <time>2025-09-06T09:32:49Z</time>
    <extensions>
     <gpxtpx:TrackPointExtension>
      <gpxtpx:cad>80</gpxtpx:cad>
     </gpxtpx:TrackPointExtension>
    </extensions>
   </trkpt>
   <trkpt lat="50.0576340" lon="19.9122040">
    <ele>203.7</ele>
    <time>2025-09-06T09:32:50Z</time>
    <extensions>
     <gpxtpx:TrackPointExtension>
      <gpxtpx:cad>81</gpxtpx:cad>
     </gpxtpx:TrackPointExtension>
    </extensions>
   </trkpt>
   <trkpt lat="50.0576420" lon="19.9122520">
    <ele>203.7</ele>
    <time>2025-09-06T09:32:51Z</time>
    <extensions>
     <gpxtpx:TrackPointExtension>
      <gpxtpx:cad>81</gpxtpx:cad>
     </gpxtpx:TrackPointExtension>
    </extensions>
   </trkpt>
   <trkpt lat="50.0576520" lon="19.9123070">
    <ele>203.7</ele>
    <time>2025-09-06T09:32:52Z</time>
    <extensions>
     <gpxtpx:TrackPointExtension>
      <gpxtpx:cad>83</gpxtpx:cad>
     </gpxtpx:TrackPointExtension>
    </extensions>
   </trkpt>
   <trkpt lat="50.0576550" lon="19.9123240">
    <ele>203.7</ele>
    <time>2025-09-06T09:32:53Z</time>
    <extensions>
     <gpxtpx:TrackPointExtension>
      <gpxtpx:cad>83</gpxtpx:cad>
     </gpxtpx:TrackPointExtension>
    </extensions>
   </trkpt>
   <trkpt lat="50.0576660" lon="19.9123770">
    <ele>203.7</ele>
    <time>2025-09-06T09:32:54Z</time>
    <extensions>
     <gpxtpx:TrackPointExtension>
      <gpxtpx:cad>82</gpxtpx:cad>
     </gpxtpx:TrackPointExtension>
    </extensions>
   </trkpt>
   <trkpt lat="50.0576710" lon="19.9124000">
    <ele>203.7</ele>
    <time>2025-09-06T09:32:55Z</time>
    <extensions>
     <gpxtpx:TrackPointExtension>
      <gpxtpx:cad>82</gpxtpx:cad>
     </gpxtpx:TrackPointExtension>
    </extensions>
   </trkpt>
   <trkpt lat="50.0576840" lon="19.9124520">
    <ele>203.7</ele>
    <time>2025-09-06T09:32:56Z</time>
    <extensions>
     <gpxtpx:TrackPointExtension>
      <gpxtpx:cad>82</gpxtpx:cad>
     </gpxtpx:TrackPointExtension>
    </extensions>
   </trkpt>
   <trkpt lat="50.0576930" lon="19.9125020">
    <ele>203.7</ele>
    <time>2025-09-06T09:32:57Z</time>
    <extensions>
     <gpxtpx:TrackPointExtension>
      <gpxtpx:cad>82</gpxtpx:cad>
     </gpxtpx:TrackPointExtension>
    </extensions>
   </trkpt>
   <trkpt lat="50.0576960" lon="19.9125230">
    <ele>203.7</ele>
    <time>2025-09-06T09:32:58Z</time>
    <extensions>
     <gpxtpx:TrackPointExtension>
      <gpxtpx:cad>84</gpxtpx:cad>
     </gpxtpx:TrackPointExtension>
    </extensions>
   </trkpt>
   <trkpt lat="50.0577040" lon="19.9125810">
    <ele>203.7</ele>
    <time>2025-09-06T09:32:59Z</time>
    <extensions>
     <gpxtpx:TrackPointExtension>
      <gpxtpx:cad>84</gpxtpx:cad>
     </gpxtpx:TrackPointExtension>
    </extensions>
   </trkpt>
   <trkpt lat="50.0577150" lon="19.9126350">
    <ele>203.7</ele>
    <time>2025-09-06T09:33:00Z</time>
    <extensions>
     <gpxtpx:TrackPointExtension>
      <gpxtpx:cad>82</gpxtpx:cad>
     </gpxtpx:TrackPointExtension>
    </extensions>
   </trkpt>
   <trkpt lat="50.0577190" lon="19.9126810">
    <ele>203.7</ele>
    <time>2025-09-06T09:33:01Z</time>
    <extensions>
     <gpxtpx:TrackPointExtension>
      <gpxtpx:cad>82</gpxtpx:cad>
     </gpxtpx:TrackPointExtension>
    </extensions>
   </trkpt>
   <trkpt lat="50.0577220" lon="19.9127200">
    <ele>203.7</ele>
    <time>2025-09-06T09:33:02Z</time>
    <extensions>
     <gpxtpx:TrackPointExtension>
      <gpxtpx:cad>84</gpxtpx:cad>
     </gpxtpx:TrackPointExtension>
    </extensions>
   </trkpt>
   <trkpt lat="50.0577240" lon="19.9127600">
    <ele>203.7</ele>
    <time>2025-09-06T09:33:03Z</time>
    <extensions>
     <gpxtpx:TrackPointExtension>
      <gpxtpx:cad>84</gpxtpx:cad>
     </gpxtpx:TrackPointExtension>
    </extensions>
   </trkpt>
   <trkpt lat="50.0577320" lon="19.9128100">
    <ele>203.7</ele>
    <time>2025-09-06T09:33:04Z</time>
    <extensions>
     <gpxtpx:TrackPointExtension>
      <gpxtpx:cad>83</gpxtpx:cad>
     </gpxtpx:TrackPointExtension>
    </extensions>
   </trkpt>
   <trkpt lat="50.0577470" lon="19.9128620">
    <ele>203.7</ele>
    <time>2025-09-06T09:33:05Z</time>
    <extensions>
     <gpxtpx:TrackPointExtension>
      <gpxtpx:cad>83</gpxtpx:cad>
     </gpxtpx:TrackPointExtension>
    </extensions>
   </trkpt>
   <trkpt lat="50.0577590" lon="19.9129170">
    <ele>203.7</ele>
    <time>2025-09-06T09:33:06Z</time>
    <extensions>
     <gpxtpx:TrackPointExtension>
      <gpxtpx:cad>82</gpxtpx:cad>
     </gpxtpx:TrackPointExtension>
    </extensions>
   </trkpt>
   <trkpt lat="50.0577690" lon="19.9129740">
    <ele>203.7</ele>
    <time>2025-09-06T09:33:07Z</time>
    <extensions>
     <gpxtpx:TrackPointExtension>
      <gpxtpx:cad>82</gpxtpx:cad>
     </gpxtpx:TrackPointExtension>
    </extensions>
   </trkpt>
   <trkpt lat="50.0577780" lon="19.9130250">
    <ele>203.7</ele>
    <time>2025-09-06T09:33:08Z</time>
    <extensions>
     <gpxtpx:TrackPointExtension>
      <gpxtpx:cad>83</gpxtpx:cad>
     </gpxtpx:TrackPointExtension>
    </extensions>
   </trkpt>
   <trkpt lat="50.0577840" lon="19.9130720">
    <ele>203.7</ele>
    <time>2025-09-06T09:33:09Z</time>
    <extensions>
     <gpxtpx:TrackPointExtension>
      <gpxtpx:cad>83</gpxtpx:cad>
     </gpxtpx:TrackPointExtension>
    </extensions>
   </trkpt>
   <trkpt lat="50.0577910" lon="19.9131250">
    <ele>203.7</ele>
    <time>2025-09-06T09:33:10Z</time>
    <extensions>
     <gpxtpx:TrackPointExtension>
      <gpxtpx:cad>80</gpxtpx:cad>
     </gpxtpx:TrackPointExtension>
    </extensions>
   </trkpt>
   <trkpt lat="50.0577980" lon="19.9131730">
    <ele>203.7</ele>
    <time>2025-09-06T09:33:11Z</time>
    <extensions>
     <gpxtpx:TrackPointExtension>
      <gpxtpx:cad>80</gpxtpx:cad>
     </gpxtpx:TrackPointExtension>
    </extensions>
   </trkpt>
   <trkpt lat="50.0578010" lon="19.9132190">
    <ele>203.6</ele>
    <time>2025-09-06T09:33:12Z</time>
    <extensions>
     <gpxtpx:TrackPointExtension>
      <gpxtpx:cad>82</gpxtpx:cad>
     </gpxtpx:TrackPointExtension>
    </extensions>
   </trkpt>
   <trkpt lat="50.0578010" lon="19.9132840">
    <ele>203.6</ele>
    <time>2025-09-06T09:33:13Z</time>
    <extensions>
     <gpxtpx:TrackPointExtension>
      <gpxtpx:cad>82</gpxtpx:cad>
     </gpxtpx:TrackPointExtension>
    </extensions>
   </trkpt>
   <trkpt lat="50.0578000" lon="19.9133130">
    <ele>203.6</ele>
    <time>2025-09-06T09:33:14Z</time>
    <extensions>
     <gpxtpx:TrackPointExtension>
      <gpxtpx:cad>82</gpxtpx:cad>
     </gpxtpx:TrackPointExtension>
    </extensions>
   </trkpt>
   <trkpt lat="50.0577980" lon="19.9133650">
    <ele>203.6</ele>
    <time>2025-09-06T09:33:15Z</time>
    <extensions>
     <gpxtpx:TrackPointExtension>
      <gpxtpx:cad>82</gpxtpx:cad>
     </gpxtpx:TrackPointExtension>
    </extensions>
   </trkpt>
   <trkpt lat="50.0578030" lon="19.9134220">
    <ele>203.6</ele>
    <time>2025-09-06T09:33:16Z</time>
    <extensions>
     <gpxtpx:TrackPointExtension>
      <gpxtpx:cad>82</gpxtpx:cad>
     </gpxtpx:TrackPointExtension>
    </extensions>
   </trkpt>
   <trkpt lat="50.0578110" lon="19.9134900">
    <ele>203.6</ele>
    <time>2025-09-06T09:33:17Z</time>
    <extensions>
     <gpxtpx:TrackPointExtension>
      <gpxtpx:cad>82</gpxtpx:cad>
     </gpxtpx:TrackPointExtension>
    </extensions>
   </trkpt>
   <trkpt lat="50.0578130" lon="19.9135200">
    <ele>203.6</ele>
    <time>2025-09-06T09:33:18Z</time>
    <extensions>
     <gpxtpx:TrackPointExtension>
      <gpxtpx:cad>81</gpxtpx:cad>
     </gpxtpx:TrackPointExtension>
    </extensions>
   </trkpt>
   <trkpt lat="50.0578170" lon="19.9135770">
    <ele>203.6</ele>
    <time>2025-09-06T09:33:19Z</time>
    <extensions>
     <gpxtpx:TrackPointExtension>
      <gpxtpx:cad>81</gpxtpx:cad>
     </gpxtpx:TrackPointExtension>
    </extensions>
   </trkpt>
   <trkpt lat="50.0578240" lon="19.9136200">
    <ele>203.6</ele>
    <time>2025-09-06T09:33:20Z</time>
    <extensions>
     <gpxtpx:TrackPointExtension>
      <gpxtpx:cad>81</gpxtpx:cad>
     </gpxtpx:TrackPointExtension>
    </extensions>
   </trkpt>
   <trkpt lat="50.0578340" lon="19.9136690">
    <ele>203.5</ele>
    <time>2025-09-06T09:33:21Z</time>
    <extensions>
     <gpxtpx:TrackPointExtension>
      <gpxtpx:cad>81</gpxtpx:cad>
     </gpxtpx:TrackPointExtension>
    </extensions>
   </trkpt>
   <trkpt lat="50.0578440" lon="19.9137220">
    <ele>203.5</ele>
    <time>2025-09-06T09:33:22Z</time>
    <extensions>
     <gpxtpx:TrackPointExtension>
      <gpxtpx:cad>81</gpxtpx:cad>
     </gpxtpx:TrackPointExtension>
    </extensions>
   </trkpt>
   <trkpt lat="50.0578540" lon="19.9137660">
    <ele>203.5</ele>
    <time>2025-09-06T09:33:23Z</time>
    <extensions>
     <gpxtpx:TrackPointExtension>
      <gpxtpx:cad>81</gpxtpx:cad>
     </gpxtpx:TrackPointExtension>
    </extensions>
   </trkpt>
   <trkpt lat="50.0578590" lon="19.9138080">
    <ele>203.5</ele>
    <time>2025-09-06T09:33:24Z</time>
    <extensions>
     <gpxtpx:TrackPointExtension>
      <gpxtpx:cad>81</gpxtpx:cad>
     </gpxtpx:TrackPointExtension>
    </extensions>
   </trkpt>
   <trkpt lat="50.0578610" lon="19.9138340">
    <ele>203.5</ele>
    <time>2025-09-06T09:33:25Z</time>
    <extensions>
     <gpxtpx:TrackPointExtension>
      <gpxtpx:cad>81</gpxtpx:cad>
     </gpxtpx:TrackPointExtension>
    </extensions>
   </trkpt>
   <trkpt lat="50.0578680" lon="19.9138880">
    <ele>203.5</ele>
    <time>2025-09-06T09:33:26Z</time>
    <extensions>
     <gpxtpx:TrackPointExtension>
      <gpxtpx:cad>81</gpxtpx:cad>
     </gpxtpx:TrackPointExtension>
    </extensions>
   </trkpt>
   <trkpt lat="50.0578770" lon="19.9139450">
    <ele>203.5</ele>
    <time>2025-09-06T09:33:27Z</time>
    <extensions>
     <gpxtpx:TrackPointExtension>
      <gpxtpx:cad>81</gpxtpx:cad>
     </gpxtpx:TrackPointExtension>
    </extensions>
   </trkpt>
   <trkpt lat="50.0578880" lon="19.9140010">
    <ele>203.5</ele>
    <time>2025-09-06T09:33:28Z</time>
    <extensions>
     <gpxtpx:TrackPointExtension>
      <gpxtpx:cad>81</gpxtpx:cad>
     </gpxtpx:TrackPointExtension>
    </extensions>
   </trkpt>
   <trkpt lat="50.0579020" lon="19.9140420">
    <ele>203.5</ele>
    <time>2025-09-06T09:33:29Z</time>
    <extensions>
     <gpxtpx:TrackPointExtension>
      <gpxtpx:cad>81</gpxtpx:cad>
     </gpxtpx:TrackPointExtension>
    </extensions>
   </trkpt>
   <trkpt lat="50.0579060" lon="19.9140520">
    <ele>203.5</ele>
    <time>2025-09-06T09:33:30Z</time>
    <extensions>
     <gpxtpx:TrackPointExtension>
      <gpxtpx:cad>81</gpxtpx:cad>
     </gpxtpx:TrackPointExtension>
    </extensions>
   </trkpt>
   <trkpt lat="50.0579210" lon="19.9141010">
    <ele>203.5</ele>
    <time>2025-09-06T09:33:31Z</time>
    <extensions>
     <gpxtpx:TrackPointExtension>
      <gpxtpx:cad>81</gpxtpx:cad>
     </gpxtpx:TrackPointExtension>
    </extensions>
   </trkpt>
   <trkpt lat="50.0579360" lon="19.9141650">
    <ele>203.5</ele>
    <time>2025-09-06T09:33:32Z</time>
    <extensions>
     <gpxtpx:TrackPointExtension>
      <gpxtpx:cad>81</gpxtpx:cad>
     </gpxtpx:TrackPointExtension>
    </extensions>
   </trkpt>
   <trkpt lat="50.0579490" lon="19.9142240">
    <ele>203.5</ele>
    <time>2025-09-06T09:33:33Z</time>
    <extensions>
     <gpxtpx:TrackPointExtension>
      <gpxtpx:cad>81</gpxtpx:cad>
     </gpxtpx:TrackPointExtension>
    </extensions>
   </trkpt>
   <trkpt lat="50.0579540" lon="19.9142730">
    <ele>203.5</ele>
    <time>2025-09-06T09:33:34Z</time>
    <extensions>
     <gpxtpx:TrackPointExtension>
      <gpxtpx:cad>81</gpxtpx:cad>
     </gpxtpx:TrackPointExtension>
    </extensions>
   </trkpt>
   <trkpt lat="50.0579540" lon="19.9143310">
    <ele>203.5</ele>
    <time>2025-09-06T09:33:35Z</time>
    <extensions>
     <gpxtpx:TrackPointExtension>
      <gpxtpx:cad>81</gpxtpx:cad>
     </gpxtpx:TrackPointExtension>
    </extensions>
   </trkpt>
   <trkpt lat="50.0579550" lon="19.9143540">
    <ele>203.5</ele>
    <time>2025-09-06T09:33:36Z</time>
    <extensions>
     <gpxtpx:TrackPointExtension>
      <gpxtpx:cad>81</gpxtpx:cad>
     </gpxtpx:TrackPointExtension>
    </extensions>
   </trkpt>
   <trkpt lat="50.0579640" lon="19.9144100">
    <ele>203.5</ele>
    <time>2025-09-06T09:33:37Z</time>
    <extensions>
     <gpxtpx:TrackPointExtension>
      <gpxtpx:cad>81</gpxtpx:cad>
     </gpxtpx:TrackPointExtension>
    </extensions>
   </trkpt>
   <trkpt lat="50.0579780" lon="19.9144740">
    <ele>203.5</ele>
    <time>2025-09-06T09:33:38Z</time>
    <extensions>
     <gpxtpx:TrackPointExtension>
      <gpxtpx:cad>80</gpxtpx:cad>
     </gpxtpx:TrackPointExtension>
    </extensions>
   </trkpt>
   <trkpt lat="50.0579840" lon="19.9145020">
    <ele>203.5</ele>
    <time>2025-09-06T09:33:39Z</time>
    <extensions>
     <gpxtpx:TrackPointExtension>
      <gpxtpx:cad>80</gpxtpx:cad>
     </gpxtpx:TrackPointExtension>
    </extensions>
   </trkpt>
   <trkpt lat="50.0579910" lon="19.9145530">
    <ele>203.5</ele>
    <time>2025-09-06T09:33:40Z</time>
    <extensions>
     <gpxtpx:TrackPointExtension>
      <gpxtpx:cad>82</gpxtpx:cad>
     </gpxtpx:TrackPointExtension>
    </extensions>
   </trkpt>
   <trkpt lat="50.0579960" lon="19.9145950">
    <ele>203.4</ele>
    <time>2025-09-06T09:33:41Z</time>
    <extensions>
     <gpxtpx:TrackPointExtension>
      <gpxtpx:cad>82</gpxtpx:cad>
     </gpxtpx:TrackPointExtension>
    </extensions>
   </trkpt>
   <trkpt lat="50.0579970" lon="19.9146470">
    <ele>203.4</ele>
    <time>2025-09-06T09:33:42Z</time>
    <extensions>
     <gpxtpx:TrackPointExtension>
      <gpxtpx:cad>81</gpxtpx:cad>
     </gpxtpx:TrackPointExtension>
    </extensions>
   </trkpt>
   <trkpt lat="50.0579980" lon="19.9146680">
    <ele>203.4</ele>
    <time>2025-09-06T09:33:43Z</time>
    <extensions>
     <gpxtpx:TrackPointExtension>
      <gpxtpx:cad>81</gpxtpx:cad>
     </gpxtpx:TrackPointExtension>
    </extensions>
   </trkpt>
   <trkpt lat="50.0580050" lon="19.9147360">
    <ele>203.4</ele>
    <time>2025-09-06T09:33:44Z</time>
    <extensions>
     <gpxtpx:TrackPointExtension>
      <gpxtpx:cad>83</gpxtpx:cad>
     </gpxtpx:TrackPointExtension>
    </extensions>
   </trkpt>
   <trkpt lat="50.0580120" lon="19.9147900">
    <ele>203.4</ele>
    <time>2025-09-06T09:33:45Z</time>
    <extensions>
     <gpxtpx:TrackPointExtension>
      <gpxtpx:cad>83</gpxtpx:cad>
     </gpxtpx:TrackPointExtension>
    </extensions>
   </trkpt>
   <trkpt lat="50.0580210" lon="19.9148410">
    <ele>203.4</ele>
    <time>2025-09-06T09:33:46Z</time>
    <extensions>
     <gpxtpx:TrackPointExtension>
      <gpxtpx:cad>81</gpxtpx:cad>
     </gpxtpx:TrackPointExtension>
    </extensions>
   </trkpt>
   <trkpt lat="50.0580280" lon="19.9148920">
    <ele>203.4</ele>
    <time>2025-09-06T09:33:47Z</time>
    <extensions>
     <gpxtpx:TrackPointExtension>
      <gpxtpx:cad>81</gpxtpx:cad>
     </gpxtpx:TrackPointExtension>
    </extensions>
   </trkpt>
   <trkpt lat="50.0580330" lon="19.9149340">
    <ele>203.4</ele>
    <time>2025-09-06T09:33:48Z</time>
    <extensions>
     <gpxtpx:TrackPointExtension>
      <gpxtpx:cad>81</gpxtpx:cad>
     </gpxtpx:TrackPointExtension>
    </extensions>
   </trkpt>
   <trkpt lat="50.0580360" lon="19.9149860">
    <ele>203.4</ele>
    <time>2025-09-06T09:33:49Z</time>
    <extensions>
     <gpxtpx:TrackPointExtension>
      <gpxtpx:cad>81</gpxtpx:cad>
     </gpxtpx:TrackPointExtension>
    </extensions>
   </trkpt>
   <trkpt lat="50.0580390" lon="19.9150340">
    <ele>203.4</ele>
    <time>2025-09-06T09:33:50Z</time>
    <extensions>
     <gpxtpx:TrackPointExtension>
      <gpxtpx:cad>80</gpxtpx:cad>
     </gpxtpx:TrackPointExtension>
    </extensions>
   </trkpt>
   <trkpt lat="50.0580440" lon="19.9150790">
    <ele>203.4</ele>
    <time>2025-09-06T09:33:51Z</time>
    <extensions>
     <gpxtpx:TrackPointExtension>
      <gpxtpx:cad>80</gpxtpx:cad>
     </gpxtpx:TrackPointExtension>
    </extensions>
   </trkpt>
   <trkpt lat="50.0580510" lon="19.9151390">
    <ele>203.4</ele>
    <time>2025-09-06T09:33:52Z</time>
    <extensions>
     <gpxtpx:TrackPointExtension>
      <gpxtpx:cad>81</gpxtpx:cad>
     </gpxtpx:TrackPointExtension>
    </extensions>
   </trkpt>
   <trkpt lat="50.0580540" lon="19.9151640">
    <ele>203.4</ele>
    <time>2025-09-06T09:33:53Z</time>
    <extensions>
     <gpxtpx:TrackPointExtension>
      <gpxtpx:cad>81</gpxtpx:cad>
     </gpxtpx:TrackPointExtension>
    </extensions>
   </trkpt>
   <trkpt lat="50.0580580" lon="19.9152070">
    <ele>203.4</ele>
    <time>2025-09-06T09:33:54Z</time>
    <extensions>
     <gpxtpx:TrackPointExtension>
      <gpxtpx:cad>80</gpxtpx:cad>
     </gpxtpx:TrackPointExtension>
    </extensions>
   </trkpt>
   <trkpt lat="50.0580680" lon="19.9152600">
    <ele>203.4</ele>
    <time>2025-09-06T09:33:55Z</time>
    <extensions>
     <gpxtpx:TrackPointExtension>
      <gpxtpx:cad>80</gpxtpx:cad>
     </gpxtpx:TrackPointExtension>
    </extensions>
   </trkpt>
   <trkpt lat="50.0580720" lon="19.9152840">
    <ele>203.4</ele>
    <time>2025-09-06T09:33:56Z</time>
    <extensions>
     <gpxtpx:TrackPointExtension>
      <gpxtpx:cad>79</gpxtpx:cad>
     </gpxtpx:TrackPointExtension>
    </extensions>
   </trkpt>
   <trkpt lat="50.0580810" lon="19.9153260">
    <ele>203.4</ele>
    <time>2025-09-06T09:33:57Z</time>
    <extensions>
     <gpxtpx:TrackPointExtension>
      <gpxtpx:cad>79</gpxtpx:cad>
     </gpxtpx:TrackPointExtension>
    </extensions>
   </trkpt>
   <trkpt lat="50.0580950" lon="19.9153820">
    <ele>203.4</ele>
    <time>2025-09-06T09:33:58Z</time>
    <extensions>
     <gpxtpx:TrackPointExtension>
      <gpxtpx:cad>80</gpxtpx:cad>
     </gpxtpx:TrackPointExtension>
    </extensions>
   </trkpt>
   <trkpt lat="50.0581010" lon="19.9154060">
    <ele>203.4</ele>
    <time>2025-09-06T09:33:59Z</time>
    <extensions>
     <gpxtpx:TrackPointExtension>
      <gpxtpx:cad>80</gpxtpx:cad>
     </gpxtpx:TrackPointExtension>
    </extensions>
   </trkpt>
   <trkpt lat="50.0581120" lon="19.9154510">
    <ele>203.4</ele>
    <time>2025-09-06T09:34:00Z</time>
    <extensions>
     <gpxtpx:TrackPointExtension>
      <gpxtpx:cad>79</gpxtpx:cad>
     </gpxtpx:TrackPointExtension>
    </extensions>
   </trkpt>
   <trkpt lat="50.0581240" lon="19.9155040">
    <ele>203.4</ele>
    <time>2025-09-06T09:34:01Z</time>
    <extensions>
     <gpxtpx:TrackPointExtension>
      <gpxtpx:cad>79</gpxtpx:cad>
     </gpxtpx:TrackPointExtension>
    </extensions>
   </trkpt>
   <trkpt lat="50.0581280" lon="19.9155270">
    <ele>203.4</ele>
    <time>2025-09-06T09:34:02Z</time>
    <extensions>
     <gpxtpx:TrackPointExtension>
      <gpxtpx:cad>80</gpxtpx:cad>
     </gpxtpx:TrackPointExtension>
    </extensions>
   </trkpt>
   <trkpt lat="50.0581340" lon="19.9155730">
    <ele>203.4</ele>
    <time>2025-09-06T09:34:03Z</time>
    <extensions>
     <gpxtpx:TrackPointExtension>
      <gpxtpx:cad>80</gpxtpx:cad>
     </gpxtpx:TrackPointExtension>
    </extensions>
   </trkpt>
   <trkpt lat="50.0581420" lon="19.9156300">
    <ele>203.4</ele>
    <time>2025-09-06T09:34:04Z</time>
    <extensions>
     <gpxtpx:TrackPointExtension>
      <gpxtpx:cad>79</gpxtpx:cad>
     </gpxtpx:TrackPointExtension>
    </extensions>
   </trkpt>
   <trkpt lat="50.0581460" lon="19.9156550">
    <ele>203.4</ele>
    <time>2025-09-06T09:34:05Z</time>
    <extensions>
     <gpxtpx:TrackPointExtension>
      <gpxtpx:cad>79</gpxtpx:cad>
     </gpxtpx:TrackPointExtension>
    </extensions>
   </trkpt>
   <trkpt lat="50.0581550" lon="19.9157010">
    <ele>203.4</ele>
    <time>2025-09-06T09:34:06Z</time>
    <extensions>
     <gpxtpx:TrackPointExtension>
      <gpxtpx:cad>80</gpxtpx:cad>
     </gpxtpx:TrackPointExtension>
    </extensions>
   </trkpt>
   <trkpt lat="50.0581650" lon="19.9157580">
    <ele>203.4</ele>
    <time>2025-09-06T09:34:07Z</time>
    <extensions>
     <gpxtpx:TrackPointExtension>
      <gpxtpx:cad>80</gpxtpx:cad>
     </gpxtpx:TrackPointExtension>
    </extensions>
   </trkpt>
   <trkpt lat="50.0581690" lon="19.9157820">
    <ele>203.4</ele>
    <time>2025-09-06T09:34:08Z</time>
    <extensions>
     <gpxtpx:TrackPointExtension>
      <gpxtpx:cad>80</gpxtpx:cad>
     </gpxtpx:TrackPointExtension>
    </extensions>
   </trkpt>
   <trkpt lat="50.0581770" lon="19.9158300">
    <ele>203.4</ele>
    <time>2025-09-06T09:34:09Z</time>
    <extensions>
     <gpxtpx:TrackPointExtension>
      <gpxtpx:cad>80</gpxtpx:cad>
     </gpxtpx:TrackPointExtension>
    </extensions>
   </trkpt>
   <trkpt lat="50.0581850" lon="19.9158890">
    <ele>203.4</ele>
    <time>2025-09-06T09:34:10Z</time>
    <extensions>
     <gpxtpx:TrackPointExtension>
      <gpxtpx:cad>80</gpxtpx:cad>
     </gpxtpx:TrackPointExtension>
    </extensions>
   </trkpt>
   <trkpt lat="50.0581880" lon="19.9159150">
    <ele>203.4</ele>
    <time>2025-09-06T09:34:11Z</time>
    <extensions>
     <gpxtpx:TrackPointExtension>
      <gpxtpx:cad>80</gpxtpx:cad>
     </gpxtpx:TrackPointExtension>
    </extensions>
   </trkpt>
   <trkpt lat="50.0581920" lon="19.9159640">
    <ele>203.4</ele>
    <time>2025-09-06T09:34:12Z</time>
    <extensions>
     <gpxtpx:TrackPointExtension>
      <gpxtpx:cad>79</gpxtpx:cad>
     </gpxtpx:TrackPointExtension>
    </extensions>
   </trkpt>
   <trkpt lat="50.0581940" lon="19.9160210">
    <ele>203.4</ele>
    <time>2025-09-06T09:34:13Z</time>
    <extensions>
     <gpxtpx:TrackPointExtension>
      <gpxtpx:cad>79</gpxtpx:cad>
     </gpxtpx:TrackPointExtension>
    </extensions>
   </trkpt>
   <trkpt lat="50.0581950" lon="19.9160450">
    <ele>203.4</ele>
    <time>2025-09-06T09:34:14Z</time>
    <extensions>
     <gpxtpx:TrackPointExtension>
      <gpxtpx:cad>79</gpxtpx:cad>
     </gpxtpx:TrackPointExtension>
    </extensions>
   </trkpt>
   <trkpt lat="50.0582000" lon="19.9160930">
    <ele>203.4</ele>
    <time>2025-09-06T09:34:15Z</time>
    <extensions>
     <gpxtpx:TrackPointExtension>
      <gpxtpx:cad>79</gpxtpx:cad>
     </gpxtpx:TrackPointExtension>
    </extensions>
   </trkpt>
   <trkpt lat="50.0582040" lon="19.9161400">
    <ele>203.4</ele>
    <time>2025-09-06T09:34:16Z</time>
    <extensions>
     <gpxtpx:TrackPointExtension>
      <gpxtpx:cad>79</gpxtpx:cad>
     </gpxtpx:TrackPointExtension>
    </extensions>
   </trkpt>
   <trkpt lat="50.0582040" lon="19.9161570">
    <ele>203.4</ele>
    <time>2025-09-06T09:34:17Z</time>
    <extensions>
     <gpxtpx:TrackPointExtension>
      <gpxtpx:cad>79</gpxtpx:cad>
     </gpxtpx:TrackPointExtension>
    </extensions>
   </trkpt>
   <trkpt lat="50.0581950" lon="19.9162020">
    <ele>203.4</ele>
    <time>2025-09-06T09:34:18Z</time>
    <extensions>
     <gpxtpx:TrackPointExtension>
      <gpxtpx:cad>80</gpxtpx:cad>
     </gpxtpx:TrackPointExtension>
    </extensions>
   </trkpt>
   <trkpt lat="50.0581950" lon="19.9162610">
    <ele>203.4</ele>
    <time>2025-09-06T09:34:19Z</time>
    <extensions>
     <gpxtpx:TrackPointExtension>
      <gpxtpx:cad>80</gpxtpx:cad>
     </gpxtpx:TrackPointExtension>
    </extensions>
   </trkpt>
   <trkpt lat="50.0581960" lon="19.9162820">
    <ele>203.4</ele>
    <time>2025-09-06T09:34:20Z</time>
    <extensions>
     <gpxtpx:TrackPointExtension>
      <gpxtpx:cad>80</gpxtpx:cad>
     </gpxtpx:TrackPointExtension>
    </extensions>
   </trkpt>
   <trkpt lat="50.0582000" lon="19.9163480">
    <ele>203.4</ele>
    <time>2025-09-06T09:34:21Z</time>
    <extensions>
     <gpxtpx:TrackPointExtension>
      <gpxtpx:cad>80</gpxtpx:cad>
     </gpxtpx:TrackPointExtension>
    </extensions>
   </trkpt>
   <trkpt lat="50.0582110" lon="19.9164010">
    <ele>203.3</ele>
    <time>2025-09-06T09:34:22Z</time>
    <extensions>
     <gpxtpx:TrackPointExtension>
      <gpxtpx:cad>81</gpxtpx:cad>
     </gpxtpx:TrackPointExtension>
    </extensions>
   </trkpt>
   <trkpt lat="50.0582170" lon="19.9164330">
    <ele>203.3</ele>
    <time>2025-09-06T09:34:23Z</time>
    <extensions>
     <gpxtpx:TrackPointExtension>
      <gpxtpx:cad>81</gpxtpx:cad>
     </gpxtpx:TrackPointExtension>
    </extensions>
   </trkpt>
   <trkpt lat="50.0582250" lon="19.9164830">
    <ele>203.3</ele>
    <time>2025-09-06T09:34:24Z</time>
    <extensions>
     <gpxtpx:TrackPointExtension>
      <gpxtpx:cad>79</gpxtpx:cad>
     </gpxtpx:TrackPointExtension>
    </extensions>
   </trkpt>
   <trkpt lat="50.0582400" lon="19.9165440">
    <ele>203.3</ele>
    <time>2025-09-06T09:34:25Z</time>
    <extensions>
     <gpxtpx:TrackPointExtension>
      <gpxtpx:cad>79</gpxtpx:cad>
     </gpxtpx:TrackPointExtension>
    </extensions>
   </trkpt>
   <trkpt lat="50.0582450" lon="19.9165670">
    <ele>203.3</ele>
    <time>2025-09-06T09:34:26Z</time>
    <extensions>
     <gpxtpx:TrackPointExtension>
      <gpxtpx:cad>81</gpxtpx:cad>
     </gpxtpx:TrackPointExtension>
    </extensions>
   </trkpt>
   <trkpt lat="50.0582510" lon="19.9166140">
    <ele>203.3</ele>
    <time>2025-09-06T09:34:27Z</time>
    <extensions>
     <gpxtpx:TrackPointExtension>
      <gpxtpx:cad>81</gpxtpx:cad>
     </gpxtpx:TrackPointExtension>
    </extensions>
   </trkpt>
   <trkpt lat="50.0582590" lon="19.9166470">
    <ele>203.3</ele>
    <time>2025-09-06T09:34:28Z</time>
    <extensions>
     <gpxtpx:TrackPointExtension>
      <gpxtpx:cad>81</gpxtpx:cad>
     </gpxtpx:TrackPointExtension>
    </extensions>
   </trkpt>
   <trkpt lat="50.0582640" lon="19.9166680">
    <ele>203.3</ele>
    <time>2025-09-06T09:34:29Z</time>
    <extensions>
     <gpxtpx:TrackPointExtension>
      <gpxtpx:cad>81</gpxtpx:cad>
     </gpxtpx:TrackPointExtension>
    </extensions>
   </trkpt>
   <trkpt lat="50.0582720" lon="19.9167310">
    <ele>203.3</ele>
    <time>2025-09-06T09:34:30Z</time>
    <extensions>
     <gpxtpx:TrackPointExtension>
      <gpxtpx:cad>80</gpxtpx:cad>
     </gpxtpx:TrackPointExtension>
    </extensions>
   </trkpt>
   <trkpt lat="50.0582730" lon="19.9167910">
    <ele>203.3</ele>
    <time>2025-09-06T09:34:31Z</time>
    <extensions>
     <gpxtpx:TrackPointExtension>
      <gpxtpx:cad>80</gpxtpx:cad>
     </gpxtpx:TrackPointExtension>
    </extensions>
   </trkpt>
   <trkpt lat="50.0582690" lon="19.9168340">
    <ele>203.3</ele>
    <time>2025-09-06T09:34:32Z</time>
    <extensions>
     <gpxtpx:TrackPointExtension>
      <gpxtpx:cad>81</gpxtpx:cad>
     </gpxtpx:TrackPointExtension>
    </extensions>
   </trkpt>
   <trkpt lat="50.0582670" lon="19.9168820">
    <ele>203.2</ele>
    <time>2025-09-06T09:34:33Z</time>
    <extensions>
     <gpxtpx:TrackPointExtension>
      <gpxtpx:cad>81</gpxtpx:cad>
     </gpxtpx:TrackPointExtension>
    </extensions>
   </trkpt>
   <trkpt lat="50.0582670" lon="19.9169340">
    <ele>203.2</ele>
    <time>2025-09-06T09:34:34Z</time>
    <extensions>
     <gpxtpx:TrackPointExtension>
      <gpxtpx:cad>80</gpxtpx:cad>
     </gpxtpx:TrackPointExtension>
    </extensions>
   </trkpt>
   <trkpt lat="50.0582710" lon="19.9169810">
    <ele>203.2</ele>
    <time>2025-09-06T09:34:35Z</time>
    <extensions>
     <gpxtpx:TrackPointExtension>
      <gpxtpx:cad>80</gpxtpx:cad>
     </gpxtpx:TrackPointExtension>
    </extensions>
   </trkpt>
   <trkpt lat="50.0582720" lon="19.9169950">
    <ele>203.2</ele>
    <time>2025-09-06T09:34:36Z</time>
    <extensions>
     <gpxtpx:TrackPointExtension>
      <gpxtpx:cad>80</gpxtpx:cad>
     </gpxtpx:TrackPointExtension>
    </extensions>
   </trkpt>
   <trkpt lat="50.0582880" lon="19.9170430">
    <ele>203.2</ele>
    <time>2025-09-06T09:34:37Z</time>
    <extensions>
     <gpxtpx:TrackPointExtension>
      <gpxtpx:cad>80</gpxtpx:cad>
     </gpxtpx:TrackPointExtension>
    </extensions>
   </trkpt>
   <trkpt lat="50.0583030" lon="19.9170790">
    <ele>203.2</ele>
    <time>2025-09-06T09:34:38Z</time>
    <extensions>
     <gpxtpx:TrackPointExtension>
      <gpxtpx:cad>80</gpxtpx:cad>
     </gpxtpx:TrackPointExtension>
    </extensions>
   </trkpt>
   <trkpt lat="50.0583200" lon="19.9171380">
    <ele>203.2</ele>
    <time>2025-09-06T09:34:39Z</time>
    <extensions>
     <gpxtpx:TrackPointExtension>
      <gpxtpx:cad>80</gpxtpx:cad>
     </gpxtpx:TrackPointExtension>
    </extensions>
   </trkpt>
   <trkpt lat="50.0583290" lon="19.9171930">
    <ele>203.2</ele>
    <time>2025-09-06T09:34:40Z</time>
    <extensions>
     <gpxtpx:TrackPointExtension>
      <gpxtpx:cad>81</gpxtpx:cad>
     </gpxtpx:TrackPointExtension>
    </extensions>
   </trkpt>
   <trkpt lat="50.0583400" lon="19.9172540">
    <ele>203.2</ele>
    <time>2025-09-06T09:34:41Z</time>
    <extensions>
     <gpxtpx:TrackPointExtension>
      <gpxtpx:cad>81</gpxtpx:cad>
     </gpxtpx:TrackPointExtension>
    </extensions>
   </trkpt>
   <trkpt lat="50.0583440" lon="19.9172790">
    <ele>203.2</ele>
    <time>2025-09-06T09:34:42Z</time>
    <extensions>
     <gpxtpx:TrackPointExtension>
      <gpxtpx:cad>79</gpxtpx:cad>
     </gpxtpx:TrackPointExtension>
    </extensions>
   </trkpt>
   <trkpt lat="50.0583530" lon="19.9173280">
    <ele>203.2</ele>
    <time>2025-09-06T09:34:43Z</time>
    <extensions>
     <gpxtpx:TrackPointExtension>
      <gpxtpx:cad>79</gpxtpx:cad>
     </gpxtpx:TrackPointExtension>
    </extensions>
   </trkpt>
   <trkpt lat="50.0583630" lon="19.9173750">
    <ele>203.2</ele>
    <time>2025-09-06T09:34:44Z</time>
    <extensions>
     <gpxtpx:TrackPointExtension>
      <gpxtpx:cad>80</gpxtpx:cad>
     </gpxtpx:TrackPointExtension>
    </extensions>
   </trkpt>
   <trkpt lat="50.0583680" lon="19.9174200">
    <ele>203.2</ele>
    <time>2025-09-06T09:34:45Z</time>
    <extensions>
     <gpxtpx:TrackPointExtension>
      <gpxtpx:cad>80</gpxtpx:cad>
     </gpxtpx:TrackPointExtension>
    </extensions>
   </trkpt>
   <trkpt lat="50.0583700" lon="19.9174460">
    <ele>203.2</ele>
    <time>2025-09-06T09:34:46Z</time>
    <extensions>
     <gpxtpx:TrackPointExtension>
      <gpxtpx:cad>81</gpxtpx:cad>
     </gpxtpx:TrackPointExtension>
    </extensions>
   </trkpt>
   <trkpt lat="50.0583840" lon="19.9175100">
    <ele>203.2</ele>
    <time>2025-09-06T09:34:47Z</time>
    <extensions>
     <gpxtpx:TrackPointExtension>
      <gpxtpx:cad>81</gpxtpx:cad>
     </gpxtpx:TrackPointExtension>
    </extensions>
   </trkpt>
   <trkpt lat="50.0583900" lon="19.9175510">
    <ele>203.2</ele>
    <time>2025-09-06T09:34:48Z</time>
    <extensions>
     <gpxtpx:TrackPointExtension>
      <gpxtpx:cad>79</gpxtpx:cad>
     </gpxtpx:TrackPointExtension>
    </extensions>
   </trkpt>
   <trkpt lat="50.0583920" lon="19.9176170">
    <ele>203.2</ele>
    <time>2025-09-06T09:34:49Z</time>
    <extensions>
     <gpxtpx:TrackPointExtension>
      <gpxtpx:cad>79</gpxtpx:cad>
     </gpxtpx:TrackPointExtension>
    </extensions>
   </trkpt>
   <trkpt lat="50.0583950" lon="19.9176590">
    <ele>203.2</ele>
    <time>2025-09-06T09:34:50Z</time>
    <extensions>
     <gpxtpx:TrackPointExtension>
      <gpxtpx:cad>76</gpxtpx:cad>
     </gpxtpx:TrackPointExtension>
    </extensions>
   </trkpt>
   <trkpt lat="50.0584000" lon="19.9177070">
    <ele>203.2</ele>
    <time>2025-09-06T09:34:51Z</time>
    <extensions>
     <gpxtpx:TrackPointExtension>
      <gpxtpx:cad>76</gpxtpx:cad>
     </gpxtpx:TrackPointExtension>
    </extensions>
   </trkpt>
   <trkpt lat="50.0584000" lon="19.9177640">
    <ele>203.2</ele>
    <time>2025-09-06T09:34:52Z</time>
    <extensions>
     <gpxtpx:TrackPointExtension>
      <gpxtpx:cad>79</gpxtpx:cad>
     </gpxtpx:TrackPointExtension>
    </extensions>
   </trkpt>
   <trkpt lat="50.0584240" lon="19.9178670">
    <ele>203.2</ele>
    <time>2025-09-06T09:34:53Z</time>
    <extensions>
     <gpxtpx:TrackPointExtension>
      <gpxtpx:cad>79</gpxtpx:cad>
     </gpxtpx:TrackPointExtension>
    </extensions>
   </trkpt>
   <trkpt lat="50.0584500" lon="19.9179310">
    <ele>203.1</ele>
    <time>2025-09-06T09:34:54Z</time>
    <extensions>
     <gpxtpx:TrackPointExtension>
      <gpxtpx:cad>81</gpxtpx:cad>
     </gpxtpx:TrackPointExtension>
    </extensions>
   </trkpt>
   <trkpt lat="50.0584710" lon="19.9179730">
    <ele>203.1</ele>
    <time>2025-09-06T09:34:55Z</time>
    <extensions>
     <gpxtpx:TrackPointExtension>
      <gpxtpx:cad>81</gpxtpx:cad>
     </gpxtpx:TrackPointExtension>
    </extensions>
   </trkpt>
   <trkpt lat="50.0584850" lon="19.9180260">
    <ele>203.1</ele>
    <time>2025-09-06T09:34:56Z</time>
    <extensions>
     <gpxtpx:TrackPointExtension>
      <gpxtpx:cad>79</gpxtpx:cad>
     </gpxtpx:TrackPointExtension>
    </extensions>
   </trkpt>
   <trkpt lat="50.0584890" lon="19.9180490">
    <ele>203.1</ele>
    <time>2025-09-06T09:34:57Z</time>
    <extensions>
     <gpxtpx:TrackPointExtension>
      <gpxtpx:cad>79</gpxtpx:cad>
     </gpxtpx:TrackPointExtension>
    </extensions>
   </trkpt>
   <trkpt lat="50.0584970" lon="19.9180970">
    <ele>203.1</ele>
    <time>2025-09-06T09:34:58Z</time>
    <extensions>
     <gpxtpx:TrackPointExtension>
      <gpxtpx:cad>79</gpxtpx:cad>
     </gpxtpx:TrackPointExtension>
    </extensions>
   </trkpt>
   <trkpt lat="50.0585040" lon="19.9181580">
    <ele>203.1</ele>
    <time>2025-09-06T09:34:59Z</time>
    <extensions>
     <gpxtpx:TrackPointExtension>
      <gpxtpx:cad>79</gpxtpx:cad>
     </gpxtpx:TrackPointExtension>
    </extensions>
   </trkpt>
   <trkpt lat="50.0585070" lon="19.9181840">
    <ele>203.1</ele>
    <time>2025-09-06T09:35:00Z</time>
    <extensions>
     <gpxtpx:TrackPointExtension>
      <gpxtpx:cad>79</gpxtpx:cad>
     </gpxtpx:TrackPointExtension>
    </extensions>
   </trkpt>
   <trkpt lat="50.0585160" lon="19.9182510">
    <ele>203.1</ele>
    <time>2025-09-06T09:35:01Z</time>
    <extensions>
     <gpxtpx:TrackPointExtension>
      <gpxtpx:cad>79</gpxtpx:cad>
     </gpxtpx:TrackPointExtension>
    </extensions>
   </trkpt>
   <trkpt lat="50.0585200" lon="19.9182770">
    <ele>203.1</ele>
    <time>2025-09-06T09:35:02Z</time>
    <extensions>
     <gpxtpx:TrackPointExtension>
      <gpxtpx:cad>78</gpxtpx:cad>
     </gpxtpx:TrackPointExtension>
    </extensions>
   </trkpt>
   <trkpt lat="50.0585290" lon="19.9183240">
    <ele>203.1</ele>
    <time>2025-09-06T09:35:03Z</time>
    <extensions>
     <gpxtpx:TrackPointExtension>
      <gpxtpx:cad>78</gpxtpx:cad>
     </gpxtpx:TrackPointExtension>
    </extensions>
   </trkpt>
   <trkpt lat="50.0585430" lon="19.9183740">
    <ele>203.1</ele>
    <time>2025-09-06T09:35:04Z</time>
    <extensions>
     <gpxtpx:TrackPointExtension>
      <gpxtpx:cad>79</gpxtpx:cad>
     </gpxtpx:TrackPointExtension>
    </extensions>
   </trkpt>
   <trkpt lat="50.0585480" lon="19.9183860">
    <ele>203.1</ele>
    <time>2025-09-06T09:35:05Z</time>
    <extensions>
     <gpxtpx:TrackPointExtension>
      <gpxtpx:cad>79</gpxtpx:cad>
     </gpxtpx:TrackPointExtension>
    </extensions>
   </trkpt>
   <trkpt lat="50.0585560" lon="19.9184550">
    <ele>203.1</ele>
    <time>2025-09-06T09:35:06Z</time>
    <extensions>
     <gpxtpx:TrackPointExtension>
      <gpxtpx:cad>79</gpxtpx:cad>
     </gpxtpx:TrackPointExtension>
    </extensions>
   </trkpt>
   <trkpt lat="50.0585590" lon="19.9185110">
    <ele>203.1</ele>
    <time>2025-09-06T09:35:07Z</time>
    <extensions>
     <gpxtpx:TrackPointExtension>
      <gpxtpx:cad>79</gpxtpx:cad>
     </gpxtpx:TrackPointExtension>
    </extensions>
   </trkpt>
   <trkpt lat="50.0585640" lon="19.9185660">
    <ele>203.1</ele>
    <time>2025-09-06T09:35:08Z</time>
    <extensions>
     <gpxtpx:TrackPointExtension>
      <gpxtpx:cad>81</gpxtpx:cad>
     </gpxtpx:TrackPointExtension>
    </extensions>
   </trkpt>
   <trkpt lat="50.0585670" lon="19.9186190">
    <ele>203.1</ele>
    <time>2025-09-06T09:35:09Z</time>
    <extensions>
     <gpxtpx:TrackPointExtension>
      <gpxtpx:cad>81</gpxtpx:cad>
     </gpxtpx:TrackPointExtension>
    </extensions>
   </trkpt>
   <trkpt lat="50.0585720" lon="19.9186620">
    <ele>203.1</ele>
    <time>2025-09-06T09:35:10Z</time>
    <extensions>
     <gpxtpx:TrackPointExtension>
      <gpxtpx:cad>80</gpxtpx:cad>
     </gpxtpx:TrackPointExtension>
    </extensions>
   </trkpt>
   <trkpt lat="50.0585790" lon="19.9187100">
    <ele>203.1</ele>
    <time>2025-09-06T09:35:11Z</time>
    <extensions>
     <gpxtpx:TrackPointExtension>
      <gpxtpx:cad>80</gpxtpx:cad>
     </gpxtpx:TrackPointExtension>
    </extensions>
   </trkpt>
   <trkpt lat="50.0585860" lon="19.9187580">
    <ele>203.1</ele>
    <time>2025-09-06T09:35:12Z</time>
    <extensions>
     <gpxtpx:TrackPointExtension>
      <gpxtpx:cad>79</gpxtpx:cad>
     </gpxtpx:TrackPointExtension>
    </extensions>
   </trkpt>
   <trkpt lat="50.0585980" lon="19.9188080">
    <ele>203.0</ele>
    <time>2025-09-06T09:35:13Z</time>
    <extensions>
     <gpxtpx:TrackPointExtension>
      <gpxtpx:cad>79</gpxtpx:cad>
     </gpxtpx:TrackPointExtension>
    </extensions>
   </trkpt>
   <trkpt lat="50.0586020" lon="19.9188190">
    <ele>203.0</ele>
    <time>2025-09-06T09:35:14Z</time>
    <extensions>
     <gpxtpx:TrackPointExtension>
      <gpxtpx:cad>80</gpxtpx:cad>
     </gpxtpx:TrackPointExtension>
    </extensions>
   </trkpt>
   <trkpt lat="50.0586100" lon="19.9188840">
    <ele>203.0</ele>
    <time>2025-09-06T09:35:15Z</time>
    <extensions>
     <gpxtpx:TrackPointExtension>
      <gpxtpx:cad>80</gpxtpx:cad>
     </gpxtpx:TrackPointExtension>
    </extensions>
   </trkpt>
   <trkpt lat="50.0586140" lon="19.9189320">
    <ele>203.0</ele>
    <time>2025-09-06T09:35:16Z</time>
    <extensions>
     <gpxtpx:TrackPointExtension>
      <gpxtpx:cad>79</gpxtpx:cad>
     </gpxtpx:TrackPointExtension>
    </extensions>
   </trkpt>
   <trkpt lat="50.0586250" lon="19.9189900">
    <ele>203.0</ele>
    <time>2025-09-06T09:35:17Z</time>
    <extensions>
     <gpxtpx:TrackPointExtension>
      <gpxtpx:cad>79</gpxtpx:cad>
     </gpxtpx:TrackPointExtension>
    </extensions>
   </trkpt>
   <trkpt lat="50.0586420" lon="19.9190520">
    <ele>203.0</ele>
    <time>2025-09-06T09:35:18Z</time>
    <extensions>
     <gpxtpx:TrackPointExtension>
      <gpxtpx:cad>79</gpxtpx:cad>
     </gpxtpx:TrackPointExtension>
    </extensions>
   </trkpt>
   <trkpt lat="50.0586490" lon="19.9190770">
    <ele>203.0</ele>
    <time>2025-09-06T09:35:19Z</time>
    <extensions>
     <gpxtpx:TrackPointExtension>
      <gpxtpx:cad>79</gpxtpx:cad>
     </gpxtpx:TrackPointExtension>
    </extensions>
   </trkpt>
   <trkpt lat="50.0586670" lon="19.9191260">
    <ele>203.0</ele>
    <time>2025-09-06T09:35:20Z</time>
    <extensions>
     <gpxtpx:TrackPointExtension>
      <gpxtpx:cad>77</gpxtpx:cad>
     </gpxtpx:TrackPointExtension>
    </extensions>
   </trkpt>
   <trkpt lat="50.0586820" lon="19.9191810">
    <ele>203.0</ele>
    <time>2025-09-06T09:35:21Z</time>
    <extensions>
     <gpxtpx:TrackPointExtension>
      <gpxtpx:cad>77</gpxtpx:cad>
     </gpxtpx:TrackPointExtension>
    </extensions>
   </trkpt>
   <trkpt lat="50.0586860" lon="19.9192050">
    <ele>202.9</ele>
    <time>2025-09-06T09:35:22Z</time>
    <extensions>
     <gpxtpx:TrackPointExtension>
      <gpxtpx:cad>77</gpxtpx:cad>
     </gpxtpx:TrackPointExtension>
    </extensions>
   </trkpt>
   <trkpt lat="50.0586900" lon="19.9192660">
    <ele>202.9</ele>
    <time>2025-09-06T09:35:23Z</time>
    <extensions>
     <gpxtpx:TrackPointExtension>
      <gpxtpx:cad>77</gpxtpx:cad>
     </gpxtpx:TrackPointExtension>
    </extensions>
   </trkpt>
   <trkpt lat="50.0586900" lon="19.9192950">
    <ele>202.9</ele>
    <time>2025-09-06T09:35:24Z</time>
    <extensions>
     <gpxtpx:TrackPointExtension>
      <gpxtpx:cad>78</gpxtpx:cad>
     </gpxtpx:TrackPointExtension>
    </extensions>
   </trkpt>
   <trkpt lat="50.0586930" lon="19.9193490">
    <ele>202.9</ele>
    <time>2025-09-06T09:35:25Z</time>
    <extensions>
     <gpxtpx:TrackPointExtension>
      <gpxtpx:cad>78</gpxtpx:cad>
     </gpxtpx:TrackPointExtension>
    </extensions>
   </trkpt>
   <trkpt lat="50.0587000" lon="19.9194120">
    <ele>202.9</ele>
    <time>2025-09-06T09:35:26Z</time>
    <extensions>
     <gpxtpx:TrackPointExtension>
      <gpxtpx:cad>79</gpxtpx:cad>
     </gpxtpx:TrackPointExtension>
    </extensions>
   </trkpt>
   <trkpt lat="50.0587030" lon="19.9194390">
    <ele>202.9</ele>
    <time>2025-09-06T09:35:27Z</time>
    <extensions>
     <gpxtpx:TrackPointExtension>
      <gpxtpx:cad>79</gpxtpx:cad>
     </gpxtpx:TrackPointExtension>
    </extensions>
   </trkpt>
   <trkpt lat="50.0587090" lon="19.9194910">
    <ele>202.9</ele>
    <time>2025-09-06T09:35:28Z</time>
    <extensions>
     <gpxtpx:TrackPointExtension>
      <gpxtpx:cad>79</gpxtpx:cad>
     </gpxtpx:TrackPointExtension>
    </extensions>
   </trkpt>
   <trkpt lat="50.0587150" lon="19.9195570">
    <ele>202.9</ele>
    <time>2025-09-06T09:35:29Z</time>
    <extensions>
     <gpxtpx:TrackPointExtension>
      <gpxtpx:cad>79</gpxtpx:cad>
     </gpxtpx:TrackPointExtension>
    </extensions>
   </trkpt>
   <trkpt lat="50.0587160" lon="19.9195870">
    <ele>202.9</ele>
    <time>2025-09-06T09:35:30Z</time>
    <extensions>
     <gpxtpx:TrackPointExtension>
      <gpxtpx:cad>81</gpxtpx:cad>
     </gpxtpx:TrackPointExtension>
    </extensions>
   </trkpt>
   <trkpt lat="50.0587180" lon="19.9196490">
    <ele>202.9</ele>
    <time>2025-09-06T09:35:31Z</time>
    <extensions>
     <gpxtpx:TrackPointExtension>
      <gpxtpx:cad>81</gpxtpx:cad>
     </gpxtpx:TrackPointExtension>
    </extensions>
   </trkpt>
   <trkpt lat="50.0587210" lon="19.9196930">
    <ele>202.9</ele>
    <time>2025-09-06T09:35:32Z</time>
    <extensions>
     <gpxtpx:TrackPointExtension>
      <gpxtpx:cad>80</gpxtpx:cad>
     </gpxtpx:TrackPointExtension>
    </extensions>
   </trkpt>
   <trkpt lat="50.0587270" lon="19.9197540">
    <ele>202.9</ele>
    <time>2025-09-06T09:35:33Z</time>
    <extensions>
     <gpxtpx:TrackPointExtension>
      <gpxtpx:cad>80</gpxtpx:cad>
     </gpxtpx:TrackPointExtension>
    </extensions>
   </trkpt>
   <trkpt lat="50.0587340" lon="19.9198130">
    <ele>202.9</ele>
    <time>2025-09-06T09:35:34Z</time>
    <extensions>
     <gpxtpx:TrackPointExtension>
      <gpxtpx:cad>78</gpxtpx:cad>
     </gpxtpx:TrackPointExtension>
    </extensions>
   </trkpt>
   <trkpt lat="50.0587420" lon="19.9198600">
    <ele>202.9</ele>
    <time>2025-09-06T09:35:35Z</time>
    <extensions>
     <gpxtpx:TrackPointExtension>
      <gpxtpx:cad>78</gpxtpx:cad>
     </gpxtpx:TrackPointExtension>
    </extensions>
   </trkpt>
   <trkpt lat="50.0587490" lon="19.9199000">
    <ele>202.9</ele>
    <time>2025-09-06T09:35:36Z</time>
    <extensions>
     <gpxtpx:TrackPointExtension>
      <gpxtpx:cad>80</gpxtpx:cad>
     </gpxtpx:TrackPointExtension>
    </extensions>
   </trkpt>
   <trkpt lat="50.0587560" lon="19.9199690">
    <ele>202.9</ele>
    <time>2025-09-06T09:35:37Z</time>
    <extensions>
     <gpxtpx:TrackPointExtension>
      <gpxtpx:cad>80</gpxtpx:cad>
     </gpxtpx:TrackPointExtension>
    </extensions>
   </trkpt>
   <trkpt lat="50.0587580" lon="19.9200140">
    <ele>202.9</ele>
    <time>2025-09-06T09:35:38Z</time>
    <extensions>
     <gpxtpx:TrackPointExtension>
      <gpxtpx:cad>79</gpxtpx:cad>
     </gpxtpx:TrackPointExtension>
    </extensions>
   </trkpt>
   <trkpt lat="50.0587580" lon="19.9200810">
    <ele>202.9</ele>
    <time>2025-09-06T09:35:39Z</time>
    <extensions>
     <gpxtpx:TrackPointExtension>
      <gpxtpx:cad>79</gpxtpx:cad>
     </gpxtpx:TrackPointExtension>
    </extensions>
   </trkpt>
   <trkpt lat="50.0587590" lon="19.9201480">
    <ele>202.9</ele>
    <time>2025-09-06T09:35:40Z</time>
    <extensions>
     <gpxtpx:TrackPointExtension>
      <gpxtpx:cad>78</gpxtpx:cad>
     </gpxtpx:TrackPointExtension>
    </extensions>
   </trkpt>
   <trkpt lat="50.0587610" lon="19.9201740">
    <ele>202.9</ele>
    <time>2025-09-06T09:35:41Z</time>
    <extensions>
     <gpxtpx:TrackPointExtension>
      <gpxtpx:cad>78</gpxtpx:cad>
     </gpxtpx:TrackPointExtension>
    </extensions>
   </trkpt>
   <trkpt lat="50.0587720" lon="19.9202220">
    <ele>202.9</ele>
    <time>2025-09-06T09:35:42Z</time>
    <extensions>
     <gpxtpx:TrackPointExtension>
      <gpxtpx:cad>81</gpxtpx:cad>
     </gpxtpx:TrackPointExtension>
    </extensions>
   </trkpt>
   <trkpt lat="50.0587840" lon="19.9202750">
    <ele>202.9</ele>
    <time>2025-09-06T09:35:43Z</time>
    <extensions>
     <gpxtpx:TrackPointExtension>
      <gpxtpx:cad>81</gpxtpx:cad>
     </gpxtpx:TrackPointExtension>
    </extensions>
   </trkpt>
   <trkpt lat="50.0587880" lon="19.9202910">
    <ele>202.9</ele>
    <time>2025-09-06T09:35:44Z</time>
    <extensions>
     <gpxtpx:TrackPointExtension>
      <gpxtpx:cad>79</gpxtpx:cad>
     </gpxtpx:TrackPointExtension>
    </extensions>
   </trkpt>
   <trkpt lat="50.0587850" lon="19.9203460">
    <ele>202.9</ele>
    <time>2025-09-06T09:35:45Z</time>
    <extensions>
     <gpxtpx:TrackPointExtension>
      <gpxtpx:cad>79</gpxtpx:cad>
     </gpxtpx:TrackPointExtension>
    </extensions>
   </trkpt>
   <trkpt lat="50.0587850" lon="19.9203640">
    <ele>202.9</ele>
    <time>2025-09-06T09:35:46Z</time>
    <extensions>
     <gpxtpx:TrackPointExtension>
      <gpxtpx:cad>79</gpxtpx:cad>
     </gpxtpx:TrackPointExtension>
    </extensions>
   </trkpt>
   <trkpt lat="50.0587970" lon="19.9204350">
    <ele>202.9</ele>
    <time>2025-09-06T09:35:47Z</time>
    <extensions>
     <gpxtpx:TrackPointExtension>
      <gpxtpx:cad>79</gpxtpx:cad>
     </gpxtpx:TrackPointExtension>
    </extensions>
   </trkpt>
   <trkpt lat="50.0588140" lon="19.9205010">
    <ele>202.9</ele>
    <time>2025-09-06T09:35:48Z</time>
    <extensions>
     <gpxtpx:TrackPointExtension>
      <gpxtpx:cad>79</gpxtpx:cad>
     </gpxtpx:TrackPointExtension>
    </extensions>
   </trkpt>
   <trkpt lat="50.0588230" lon="19.9205450">
    <ele>202.9</ele>
    <time>2025-09-06T09:35:49Z</time>
    <extensions>
     <gpxtpx:TrackPointExtension>
      <gpxtpx:cad>79</gpxtpx:cad>
     </gpxtpx:TrackPointExtension>
    </extensions>
   </trkpt>
   <trkpt lat="50.0588350" lon="19.9205990">
    <ele>203.0</ele>
    <time>2025-09-06T09:35:50Z</time>
    <extensions>
     <gpxtpx:TrackPointExtension>
      <gpxtpx:cad>78</gpxtpx:cad>
     </gpxtpx:TrackPointExtension>
    </extensions>
   </trkpt>
   <trkpt lat="50.0588460" lon="19.9206390">
    <ele>203.0</ele>
    <time>2025-09-06T09:35:51Z</time>
    <extensions>
     <gpxtpx:TrackPointExtension>
      <gpxtpx:cad>78</gpxtpx:cad>
     </gpxtpx:TrackPointExtension>
    </extensions>
   </trkpt>
   <trkpt lat="50.0588600" lon="19.9206860">
    <ele>203.0</ele>
    <time>2025-09-06T09:35:52Z</time>
    <extensions>
     <gpxtpx:TrackPointExtension>
      <gpxtpx:cad>79</gpxtpx:cad>
     </gpxtpx:TrackPointExtension>
    </extensions>
   </trkpt>
   <trkpt lat="50.0588730" lon="19.9207380">
    <ele>203.0</ele>
    <time>2025-09-06T09:35:53Z</time>
    <extensions>
     <gpxtpx:TrackPointExtension>
      <gpxtpx:cad>79</gpxtpx:cad>
     </gpxtpx:TrackPointExtension>
    </extensions>
   </trkpt>
   <trkpt lat="50.0588830" lon="19.9207800">
    <ele>203.0</ele>
    <time>2025-09-06T09:35:54Z</time>
    <extensions>
     <gpxtpx:TrackPointExtension>
      <gpxtpx:cad>80</gpxtpx:cad>
     </gpxtpx:TrackPointExtension>
    </extensions>
   </trkpt>
   <trkpt lat="50.0588870" lon="19.9208220">
    <ele>203.0</ele>
    <time>2025-09-06T09:35:55Z</time>
    <extensions>
     <gpxtpx:TrackPointExtension>
      <gpxtpx:cad>80</gpxtpx:cad>
     </gpxtpx:TrackPointExtension>
    </extensions>
   </trkpt>
   <trkpt lat="50.0588840" lon="19.9208700">
    <ele>203.0</ele>
    <time>2025-09-06T09:35:56Z</time>
    <extensions>
     <gpxtpx:TrackPointExtension>
      <gpxtpx:cad>78</gpxtpx:cad>
     </gpxtpx:TrackPointExtension>
    </extensions>
   </trkpt>
   <trkpt lat="50.0588830" lon="19.9208890">
    <ele>203.0</ele>
    <time>2025-09-06T09:35:57Z</time>
    <extensions>
     <gpxtpx:TrackPointExtension>
      <gpxtpx:cad>78</gpxtpx:cad>
     </gpxtpx:TrackPointExtension>
    </extensions>
   </trkpt>
   <trkpt lat="50.0588920" lon="19.9209510">
    <ele>203.0</ele>
    <time>2025-09-06T09:35:58Z</time>
    <extensions>
     <gpxtpx:TrackPointExtension>
      <gpxtpx:cad>79</gpxtpx:cad>
     </gpxtpx:TrackPointExtension>
    </extensions>
   </trkpt>
   <trkpt lat="50.0589020" lon="19.9210080">
    <ele>203.0</ele>
    <time>2025-09-06T09:35:59Z</time>
    <extensions>
     <gpxtpx:TrackPointExtension>
      <gpxtpx:cad>79</gpxtpx:cad>
     </gpxtpx:TrackPointExtension>
    </extensions>
   </trkpt>
   <trkpt lat="50.0589110" lon="19.9210700">
    <ele>203.0</ele>
    <time>2025-09-06T09:36:00Z</time>
    <extensions>
     <gpxtpx:TrackPointExtension>
      <gpxtpx:cad>80</gpxtpx:cad>
     </gpxtpx:TrackPointExtension>
    </extensions>
   </trkpt>
   <trkpt lat="50.0589130" lon="19.9210980">
    <ele>203.0</ele>
    <time>2025-09-06T09:36:01Z</time>
    <extensions>
     <gpxtpx:TrackPointExtension>
      <gpxtpx:cad>80</gpxtpx:cad>
     </gpxtpx:TrackPointExtension>
    </extensions>
   </trkpt>
   <trkpt lat="50.0589140" lon="19.9211450">
    <ele>203.0</ele>
    <time>2025-09-06T09:36:02Z</time>
    <extensions>
     <gpxtpx:TrackPointExtension>
      <gpxtpx:cad>80</gpxtpx:cad>
     </gpxtpx:TrackPointExtension>
    </extensions>
   </trkpt>
   <trkpt lat="50.0589210" lon="19.9212030">
    <ele>203.0</ele>
    <time>2025-09-06T09:36:03Z</time>
    <extensions>
     <gpxtpx:TrackPointExtension>
      <gpxtpx:cad>80</gpxtpx:cad>
     </gpxtpx:TrackPointExtension>
    </extensions>
   </trkpt>
   <trkpt lat="50.0589240" lon="19.9212260">
    <ele>203.0</ele>
    <time>2025-09-06T09:36:04Z</time>
    <extensions>
     <gpxtpx:TrackPointExtension>
      <gpxtpx:cad>79</gpxtpx:cad>
     </gpxtpx:TrackPointExtension>
    </extensions>
   </trkpt>
   <trkpt lat="50.0589320" lon="19.9212710">
    <ele>203.0</ele>
    <time>2025-09-06T09:36:05Z</time>
    <extensions>
     <gpxtpx:TrackPointExtension>
      <gpxtpx:cad>79</gpxtpx:cad>
     </gpxtpx:TrackPointExtension>
    </extensions>
   </trkpt>
   <trkpt lat="50.0589420" lon="19.9213340">
    <ele>203.0</ele>
    <time>2025-09-06T09:36:06Z</time>
    <extensions>
     <gpxtpx:TrackPointExtension>
      <gpxtpx:cad>80</gpxtpx:cad>
     </gpxtpx:TrackPointExtension>
    </extensions>
   </trkpt>
   <trkpt lat="50.0589460" lon="19.9213570">
    <ele>203.0</ele>
    <time>2025-09-06T09:36:07Z</time>
    <extensions>
     <gpxtpx:TrackPointExtension>
      <gpxtpx:cad>80</gpxtpx:cad>
     </gpxtpx:TrackPointExtension>
    </extensions>
   </trkpt>
   <trkpt lat="50.0589520" lon="19.9214030">
    <ele>203.0</ele>
    <time>2025-09-06T09:36:08Z</time>
    <extensions>
     <gpxtpx:TrackPointExtension>
      <gpxtpx:cad>81</gpxtpx:cad>
     </gpxtpx:TrackPointExtension>
    </extensions>
   </trkpt>
   <trkpt lat="50.0589590" lon="19.9214510">
    <ele>203.0</ele>
    <time>2025-09-06T09:36:09Z</time>
    <extensions>
     <gpxtpx:TrackPointExtension>
      <gpxtpx:cad>81</gpxtpx:cad>
     </gpxtpx:TrackPointExtension>
    </extensions>
   </trkpt>
   <trkpt lat="50.0589680" lon="19.9215110">
    <ele>203.0</ele>
    <time>2025-09-06T09:36:10Z</time>
    <extensions>
     <gpxtpx:TrackPointExtension>
      <gpxtpx:cad>81</gpxtpx:cad>
     </gpxtpx:TrackPointExtension>
    </extensions>
   </trkpt>
   <trkpt lat="50.0589720" lon="19.9215370">
    <ele>203.0</ele>
    <time>2025-09-06T09:36:11Z</time>
    <extensions>
     <gpxtpx:TrackPointExtension>
      <gpxtpx:cad>81</gpxtpx:cad>
     </gpxtpx:TrackPointExtension>
    </extensions>
   </trkpt>
   <trkpt lat="50.0589810" lon="19.9215910">
    <ele>203.0</ele>
    <time>2025-09-06T09:36:12Z</time>
    <extensions>
     <gpxtpx:TrackPointExtension>
      <gpxtpx:cad>80</gpxtpx:cad>
     </gpxtpx:TrackPointExtension>
    </extensions>
   </trkpt>
   <trkpt lat="50.0589920" lon="19.9216560">
    <ele>203.0</ele>
    <time>2025-09-06T09:36:13Z</time>
    <extensions>
     <gpxtpx:TrackPointExtension>
      <gpxtpx:cad>80</gpxtpx:cad>
     </gpxtpx:TrackPointExtension>
    </extensions>
   </trkpt>
   <trkpt lat="50.0589960" lon="19.9216820">
    <ele>203.0</ele>
    <time>2025-09-06T09:36:14Z</time>
    <extensions>
     <gpxtpx:TrackPointExtension>
      <gpxtpx:cad>81</gpxtpx:cad>
     </gpxtpx:TrackPointExtension>
    </extensions>
   </trkpt>
   <trkpt lat="50.0590030" lon="19.9217350">
    <ele>203.0</ele>
    <time>2025-09-06T09:36:15Z</time>
    <extensions>
     <gpxtpx:TrackPointExtension>
      <gpxtpx:cad>81</gpxtpx:cad>
     </gpxtpx:TrackPointExtension>
    </extensions>
   </trkpt>
   <trkpt lat="50.0590000" lon="19.9217790">
    <ele>203.0</ele>
    <time>2025-09-06T09:36:16Z</time>
    <extensions>
     <gpxtpx:TrackPointExtension>
      <gpxtpx:cad>81</gpxtpx:cad>
     </gpxtpx:TrackPointExtension>
    </extensions>
   </trkpt>
   <trkpt lat="50.0589980" lon="19.9217910">
    <ele>203.0</ele>
    <time>2025-09-06T09:36:17Z</time>
    <extensions>
     <gpxtpx:TrackPointExtension>
      <gpxtpx:cad>81</gpxtpx:cad>
     </gpxtpx:TrackPointExtension>
    </extensions>
   </trkpt>
   <trkpt lat="50.0590070" lon="19.9218590">
    <ele>203.0</ele>
    <time>2025-09-06T09:36:18Z</time>
    <extensions>
     <gpxtpx:TrackPointExtension>
      <gpxtpx:cad>79</gpxtpx:cad>
     </gpxtpx:TrackPointExtension>
    </extensions>
   </trkpt>
   <trkpt lat="50.0590210" lon="19.9219200">
    <ele>203.1</ele>
    <time>2025-09-06T09:36:19Z</time>
    <extensions>
     <gpxtpx:TrackPointExtension>
      <gpxtpx:cad>79</gpxtpx:cad>
     </gpxtpx:TrackPointExtension>
    </extensions>
   </trkpt>
   <trkpt lat="50.0590290" lon="19.9219600">
    <ele>203.1</ele>
    <time>2025-09-06T09:36:20Z</time>
    <extensions>
     <gpxtpx:TrackPointExtension>
      <gpxtpx:cad>82</gpxtpx:cad>
     </gpxtpx:TrackPointExtension>
    </extensions>
   </trkpt>
   <trkpt lat="50.0590390" lon="19.9220170">
    <ele>203.1</ele>
    <time>2025-09-06T09:36:21Z</time>
    <extensions>
     <gpxtpx:TrackPointExtension>
      <gpxtpx:cad>82</gpxtpx:cad>
     </gpxtpx:TrackPointExtension>
    </extensions>
   </trkpt>
   <trkpt lat="50.0590510" lon="19.9220650">
    <ele>203.1</ele>
    <time>2025-09-06T09:36:22Z</time>
    <extensions>
     <gpxtpx:TrackPointExtension>
      <gpxtpx:cad>79</gpxtpx:cad>
     </gpxtpx:TrackPointExtension>
    </extensions>
   </trkpt>
   <trkpt lat="50.0590620" lon="19.9221230">
    <ele>203.1</ele>
    <time>2025-09-06T09:36:23Z</time>
    <extensions>
     <gpxtpx:TrackPointExtension>
      <gpxtpx:cad>79</gpxtpx:cad>
     </gpxtpx:TrackPointExtension>
    </extensions>
   </trkpt>
   <trkpt lat="50.0590660" lon="19.9221440">
    <ele>203.1</ele>
    <time>2025-09-06T09:36:24Z</time>
    <extensions>
     <gpxtpx:TrackPointExtension>
      <gpxtpx:cad>79</gpxtpx:cad>
     </gpxtpx:TrackPointExtension>
    </extensions>
   </trkpt>
   <trkpt lat="50.0590740" lon="19.9221930">
    <ele>203.1</ele>
    <time>2025-09-06T09:36:25Z</time>
    <extensions>
     <gpxtpx:TrackPointExtension>
      <gpxtpx:cad>79</gpxtpx:cad>
     </gpxtpx:TrackPointExtension>
    </extensions>
   </trkpt>
   <trkpt lat="50.0590770" lon="19.9222120">
    <ele>203.1</ele>
    <time>2025-09-06T09:36:26Z</time>
    <extensions>
     <gpxtpx:TrackPointExtension>
      <gpxtpx:cad>79</gpxtpx:cad>
     </gpxtpx:TrackPointExtension>
    </extensions>
   </trkpt>
   <trkpt lat="50.0590880" lon="19.9222700">
    <ele>203.1</ele>
    <time>2025-09-06T09:36:27Z</time>
    <extensions>
     <gpxtpx:TrackPointExtension>
      <gpxtpx:cad>79</gpxtpx:cad>
     </gpxtpx:TrackPointExtension>
    </extensions>
   </trkpt>
   <trkpt lat="50.0590960" lon="19.9223150">
    <ele>203.1</ele>
    <time>2025-09-06T09:36:28Z</time>
    <extensions>
     <gpxtpx:TrackPointExtension>
      <gpxtpx:cad>79</gpxtpx:cad>
     </gpxtpx:TrackPointExtension>
    </extensions>
   </trkpt>
   <trkpt lat="50.0591060" lon="19.9223620">
    <ele>203.1</ele>
    <time>2025-09-06T09:36:29Z</time>
    <extensions>
     <gpxtpx:TrackPointExtension>
      <gpxtpx:cad>79</gpxtpx:cad>
     </gpxtpx:TrackPointExtension>
    </extensions>
   </trkpt>
   <trkpt lat="50.0591150" lon="19.9224100">
    <ele>203.1</ele>
    <time>2025-09-06T09:36:30Z</time>
    <extensions>
     <gpxtpx:TrackPointExtension>
      <gpxtpx:cad>79</gpxtpx:cad>
     </gpxtpx:TrackPointExtension>
    </extensions>
   </trkpt>
   <trkpt lat="50.0591240" lon="19.9224670">
    <ele>203.1</ele>
    <time>2025-09-06T09:36:31Z</time>
    <extensions>
     <gpxtpx:TrackPointExtension>
      <gpxtpx:cad>79</gpxtpx:cad>
     </gpxtpx:TrackPointExtension>
    </extensions>
   </trkpt>
   <trkpt lat="50.0591280" lon="19.9224910">
    <ele>203.1</ele>
    <time>2025-09-06T09:36:32Z</time>
    <extensions>
     <gpxtpx:TrackPointExtension>
      <gpxtpx:cad>80</gpxtpx:cad>
     </gpxtpx:TrackPointExtension>
    </extensions>
   </trkpt>
   <trkpt lat="50.0591370" lon="19.9225410">
    <ele>203.1</ele>
    <time>2025-09-06T09:36:33Z</time>
    <extensions>
     <gpxtpx:TrackPointExtension>
      <gpxtpx:cad>80</gpxtpx:cad>
     </gpxtpx:TrackPointExtension>
    </extensions>
   </trkpt>
   <trkpt lat="50.0591480" lon="19.9225990">
    <ele>203.1</ele>
    <time>2025-09-06T09:36:34Z</time>
    <extensions>
     <gpxtpx:TrackPointExtension>
      <gpxtpx:cad>79</gpxtpx:cad>
     </gpxtpx:TrackPointExtension>
    </extensions>
   </trkpt>
   <trkpt lat="50.0591520" lon="19.9226220">
    <ele>203.1</ele>
    <time>2025-09-06T09:36:35Z</time>
    <extensions>
     <gpxtpx:TrackPointExtension>
      <gpxtpx:cad>79</gpxtpx:cad>
     </gpxtpx:TrackPointExtension>
    </extensions>
   </trkpt>
   <trkpt lat="50.0591600" lon="19.9226680">
    <ele>203.1</ele>
    <time>2025-09-06T09:36:36Z</time>
    <extensions>
     <gpxtpx:TrackPointExtension>
      <gpxtpx:cad>79</gpxtpx:cad>
     </gpxtpx:TrackPointExtension>
    </extensions>
   </trkpt>
   <trkpt lat="50.0591700" lon="19.9227240">
    <ele>203.1</ele>
    <time>2025-09-06T09:36:37Z</time>
    <extensions>
     <gpxtpx:TrackPointExtension>
      <gpxtpx:cad>79</gpxtpx:cad>
     </gpxtpx:TrackPointExtension>
    </extensions>
   </trkpt>
   <trkpt lat="50.0591740" lon="19.9227470">
    <ele>203.1</ele>
    <time>2025-09-06T09:36:38Z</time>
    <extensions>
     <gpxtpx:TrackPointExtension>
      <gpxtpx:cad>78</gpxtpx:cad>
     </gpxtpx:TrackPointExtension>
    </extensions>
   </trkpt>
   <trkpt lat="50.0591820" lon="19.9228080">
    <ele>203.1</ele>
    <time>2025-09-06T09:36:39Z</time>
    <extensions>
     <gpxtpx:TrackPointExtension>
      <gpxtpx:cad>78</gpxtpx:cad>
     </gpxtpx:TrackPointExtension>
    </extensions>
   </trkpt>
   <trkpt lat="50.0591850" lon="19.9228320">
    <ele>203.1</ele>
    <time>2025-09-06T09:36:40Z</time>
    <extensions>
     <gpxtpx:TrackPointExtension>
      <gpxtpx:cad>78</gpxtpx:cad>
     </gpxtpx:TrackPointExtension>
    </extensions>
   </trkpt>
   <trkpt lat="50.0591900" lon="19.9228800">
    <ele>203.1</ele>
    <time>2025-09-06T09:36:41Z</time>
    <extensions>
     <gpxtpx:TrackPointExtension>
      <gpxtpx:cad>78</gpxtpx:cad>
     </gpxtpx:TrackPointExtension>
    </extensions>
   </trkpt>
   <trkpt lat="50.0591880" lon="19.9229280">
    <ele>203.1</ele>
    <time>2025-09-06T09:36:42Z</time>
    <extensions>
     <gpxtpx:TrackPointExtension>
      <gpxtpx:cad>77</gpxtpx:cad>
     </gpxtpx:TrackPointExtension>
    </extensions>
   </trkpt>
   <trkpt lat="50.0591910" lon="19.9229830">
    <ele>203.1</ele>
    <time>2025-09-06T09:36:43Z</time>
    <extensions>
     <gpxtpx:TrackPointExtension>
      <gpxtpx:cad>77</gpxtpx:cad>
     </gpxtpx:TrackPointExtension>
    </extensions>
   </trkpt>
   <trkpt lat="50.0591920" lon="19.9230250">
    <ele>203.0</ele>
    <time>2025-09-06T09:36:44Z</time>
    <extensions>
     <gpxtpx:TrackPointExtension>
      <gpxtpx:cad>78</gpxtpx:cad>
     </gpxtpx:TrackPointExtension>
    </extensions>
   </trkpt>
   <trkpt lat="50.0591910" lon="19.9230740">
    <ele>203.0</ele>
    <time>2025-09-06T09:36:45Z</time>
    <extensions>
     <gpxtpx:TrackPointExtension>
      <gpxtpx:cad>78</gpxtpx:cad>
     </gpxtpx:TrackPointExtension>
    </extensions>
   </trkpt>
   <trkpt lat="50.0591930" lon="19.9231390">
    <ele>203.0</ele>
    <time>2025-09-06T09:36:46Z</time>
    <extensions>
     <gpxtpx:TrackPointExtension>
      <gpxtpx:cad>77</gpxtpx:cad>
     </gpxtpx:TrackPointExtension>
    </extensions>
   </trkpt>
   <trkpt lat="50.0591940" lon="19.9231640">
    <ele>203.0</ele>
    <time>2025-09-06T09:36:47Z</time>
    <extensions>
     <gpxtpx:TrackPointExtension>
      <gpxtpx:cad>77</gpxtpx:cad>
     </gpxtpx:TrackPointExtension>
    </extensions>
   </trkpt>
   <trkpt lat="50.0592010" lon="19.9232130">
    <ele>202.9</ele>
    <time>2025-09-06T09:36:48Z</time>
    <extensions>
     <gpxtpx:TrackPointExtension>
      <gpxtpx:cad>78</gpxtpx:cad>
     </gpxtpx:TrackPointExtension>
    </extensions>
   </trkpt>
   <trkpt lat="50.0592160" lon="19.9232500">
    <ele>202.9</ele>
    <time>2025-09-06T09:36:49Z</time>
    <extensions>
     <gpxtpx:TrackPointExtension>
      <gpxtpx:cad>78</gpxtpx:cad>
     </gpxtpx:TrackPointExtension>
    </extensions>
   </trkpt>
   <trkpt lat="50.0592450" lon="19.9232750">
    <ele>202.9</ele>
    <time>2025-09-06T09:36:50Z</time>
    <extensions>
     <gpxtpx:TrackPointExtension>
      <gpxtpx:cad>75</gpxtpx:cad>
     </gpxtpx:TrackPointExtension>
    </extensions>
   </trkpt>
   <trkpt lat="50.0592710" lon="19.9232620">
    <ele>202.9</ele>
    <time>2025-09-06T09:36:51Z</time>
    <extensions>
     <gpxtpx:TrackPointExtension>
      <gpxtpx:cad>75</gpxtpx:cad>
     </gpxtpx:TrackPointExtension>
    </extensions>
   </trkpt>
   <trkpt lat="50.0592890" lon="19.9232250">
    <ele>202.8</ele>
    <time>2025-09-06T09:36:52Z</time>
    <extensions>
     <gpxtpx:TrackPointExtension>
      <gpxtpx:cad>76</gpxtpx:cad>
     </gpxtpx:TrackPointExtension>
    </extensions>
   </trkpt>
   <trkpt lat="50.0593060" lon="19.9231790">
    <ele>202.8</ele>
    <time>2025-09-06T09:36:53Z</time>
    <extensions>
     <gpxtpx:TrackPointExtension>
      <gpxtpx:cad>76</gpxtpx:cad>
     </gpxtpx:TrackPointExtension>
    </extensions>
   </trkpt>
   <trkpt lat="50.0593150" lon="19.9231610">
    <ele>202.8</ele>
    <time>2025-09-06T09:36:54Z</time>
    <extensions>
     <gpxtpx:TrackPointExtension>
      <gpxtpx:cad>75</gpxtpx:cad>
     </gpxtpx:TrackPointExtension>
    </extensions>
   </trkpt>
   <trkpt lat="50.0593320" lon="19.9231180">
    <ele>202.7</ele>
    <time>2025-09-06T09:36:55Z</time>
    <extensions>
     <gpxtpx:TrackPointExtension>
      <gpxtpx:cad>75</gpxtpx:cad>
     </gpxtpx:TrackPointExtension>
    </extensions>
   </trkpt>
   <trkpt lat="50.0593470" lon="19.9230580">
    <ele>202.7</ele>
    <time>2025-09-06T09:36:56Z</time>
    <extensions>
     <gpxtpx:TrackPointExtension>
      <gpxtpx:cad>79</gpxtpx:cad>
     </gpxtpx:TrackPointExtension>
    </extensions>
   </trkpt>
   <trkpt lat="50.0593610" lon="19.9229910">
    <ele>202.6</ele>
    <time>2025-09-06T09:36:57Z</time>
    <extensions>
     <gpxtpx:TrackPointExtension>
      <gpxtpx:cad>79</gpxtpx:cad>
     </gpxtpx:TrackPointExtension>
    </extensions>
   </trkpt>
   <trkpt lat="50.0593720" lon="19.9229500">
    <ele>202.6</ele>
    <time>2025-09-06T09:36:58Z</time>
    <extensions>
     <gpxtpx:TrackPointExtension>
      <gpxtpx:cad>75</gpxtpx:cad>
     </gpxtpx:TrackPointExtension>
    </extensions>
   </trkpt>
   <trkpt lat="50.0593820" lon="19.9229080">
    <ele>202.6</ele>
    <time>2025-09-06T09:36:59Z</time>
    <extensions>
     <gpxtpx:TrackPointExtension>
      <gpxtpx:cad>75</gpxtpx:cad>
     </gpxtpx:TrackPointExtension>
    </extensions>
   </trkpt>
   <trkpt lat="50.0593930" lon="19.9228400">
    <ele>202.6</ele>
    <time>2025-09-06T09:37:00Z</time>
    <extensions>
     <gpxtpx:TrackPointExtension>
      <gpxtpx:cad>78</gpxtpx:cad>
     </gpxtpx:TrackPointExtension>
    </extensions>
   </trkpt>
   <trkpt lat="50.0593980" lon="19.9227860">
    <ele>202.6</ele>
    <time>2025-09-06T09:37:01Z</time>
    <extensions>
     <gpxtpx:TrackPointExtension>
      <gpxtpx:cad>78</gpxtpx:cad>
     </gpxtpx:TrackPointExtension>
    </extensions>
   </trkpt>
   <trkpt lat="50.0594030" lon="19.9227270">
    <ele>202.6</ele>
    <time>2025-09-06T09:37:02Z</time>
    <extensions>
     <gpxtpx:TrackPointExtension>
      <gpxtpx:cad>79</gpxtpx:cad>
     </gpxtpx:TrackPointExtension>
    </extensions>
   </trkpt>
   <trkpt lat="50.0594080" lon="19.9226760">
    <ele>202.6</ele>
    <time>2025-09-06T09:37:03Z</time>
    <extensions>
     <gpxtpx:TrackPointExtension>
      <gpxtpx:cad>79</gpxtpx:cad>
     </gpxtpx:TrackPointExtension>
    </extensions>
   </trkpt>
   <trkpt lat="50.0594130" lon="19.9226410">
    <ele>202.6</ele>
    <time>2025-09-06T09:37:04Z</time>
    <extensions>
     <gpxtpx:TrackPointExtension>
      <gpxtpx:cad>75</gpxtpx:cad>
     </gpxtpx:TrackPointExtension>
    </extensions>
   </trkpt>
   <trkpt lat="50.0594190" lon="19.9226270">
    <ele>202.6</ele>
    <time>2025-09-06T09:37:05Z</time>
    <extensions>
     <gpxtpx:TrackPointExtension>
      <gpxtpx:cad>75</gpxtpx:cad>
     </gpxtpx:TrackPointExtension>
    </extensions>
   </trkpt>
   <trkpt lat="50.0594250" lon="19.9225550">
    <ele>202.6</ele>
    <time>2025-09-06T09:37:06Z</time>
    <extensions>
     <gpxtpx:TrackPointExtension>
      <gpxtpx:cad>86</gpxtpx:cad>
     </gpxtpx:TrackPointExtension>
    </extensions>
   </trkpt>
   <trkpt lat="50.0594310" lon="19.9225010">
    <ele>202.6</ele>
    <time>2025-09-06T09:37:07Z</time>
    <extensions>
     <gpxtpx:TrackPointExtension>
      <gpxtpx:cad>86</gpxtpx:cad>
     </gpxtpx:TrackPointExtension>
    </extensions>
   </trkpt>
   <trkpt lat="50.0594290" lon="19.9224540">
    <ele>202.6</ele>
    <time>2025-09-06T09:37:08Z</time>
    <extensions>
     <gpxtpx:TrackPointExtension>
      <gpxtpx:cad>81</gpxtpx:cad>
     </gpxtpx:TrackPointExtension>
    </extensions>
   </trkpt>
   <trkpt lat="50.0594470" lon="19.9224110">
    <ele>202.6</ele>
    <time>2025-09-06T09:37:09Z</time>
    <extensions>
     <gpxtpx:TrackPointExtension>
      <gpxtpx:cad>81</gpxtpx:cad>
     </gpxtpx:TrackPointExtension>
    </extensions>
   </trkpt>
   <trkpt lat="50.0594590" lon="19.9223870">
    <ele>202.6</ele>
    <time>2025-09-06T09:37:10Z</time>
    <extensions>
     <gpxtpx:TrackPointExtension>
      <gpxtpx:cad>78</gpxtpx:cad>
     </gpxtpx:TrackPointExtension>
    </extensions>
   </trkpt>
   <trkpt lat="50.0594700" lon="19.9223630">
    <ele>202.6</ele>
    <time>2025-09-06T09:37:11Z</time>
    <extensions>
     <gpxtpx:TrackPointExtension>
      <gpxtpx:cad>78</gpxtpx:cad>
     </gpxtpx:TrackPointExtension>
    </extensions>
   </trkpt>
   <trkpt lat="50.0594800" lon="19.9223160">
    <ele>202.6</ele>
    <time>2025-09-06T09:37:12Z</time>
    <extensions>
     <gpxtpx:TrackPointExtension>
      <gpxtpx:cad>80</gpxtpx:cad>
     </gpxtpx:TrackPointExtension>
    </extensions>
   </trkpt>
   <trkpt lat="50.0594950" lon="19.9222620">
    <ele>202.6</ele>
    <time>2025-09-06T09:37:13Z</time>
    <extensions>
     <gpxtpx:TrackPointExtension>
      <gpxtpx:cad>80</gpxtpx:cad>
     </gpxtpx:TrackPointExtension>
    </extensions>
   </trkpt>
   <trkpt lat="50.0595070" lon="19.9222150">
    <ele>202.7</ele>
    <time>2025-09-06T09:37:14Z</time>
    <extensions>
     <gpxtpx:TrackPointExtension>
      <gpxtpx:cad>81</gpxtpx:cad>
     </gpxtpx:TrackPointExtension>
    </extensions>
   </trkpt>
   <trkpt lat="50.0595170" lon="19.9221560">
    <ele>202.7</ele>
    <time>2025-09-06T09:37:15Z</time>
    <extensions>
     <gpxtpx:TrackPointExtension>
      <gpxtpx:cad>81</gpxtpx:cad>
     </gpxtpx:TrackPointExtension>
    </extensions>
   </trkpt>
   <trkpt lat="50.0595200" lon="19.9221300">
    <ele>202.7</ele>
    <time>2025-09-06T09:37:16Z</time>
    <extensions>
     <gpxtpx:TrackPointExtension>
      <gpxtpx:cad>80</gpxtpx:cad>
     </gpxtpx:TrackPointExtension>
    </extensions>
   </trkpt>
   <trkpt lat="50.0595260" lon="19.9220820">
    <ele>202.7</ele>
    <time>2025-09-06T09:37:17Z</time>
    <extensions>
     <gpxtpx:TrackPointExtension>
      <gpxtpx:cad>80</gpxtpx:cad>
     </gpxtpx:TrackPointExtension>
    </extensions>
   </trkpt>
   <trkpt lat="50.0595240" lon="19.9220880">
    <ele>202.7</ele>
    <time>2025-09-06T09:37:18Z</time>
    <extensions>
     <gpxtpx:TrackPointExtension>
      <gpxtpx:cad>81</gpxtpx:cad>
     </gpxtpx:TrackPointExtension>
    </extensions>
   </trkpt>
   <trkpt lat="50.0595130" lon="19.9220430">
    <ele>202.7</ele>
    <time>2025-09-06T09:37:19Z</time>
    <extensions>
     <gpxtpx:TrackPointExtension>
      <gpxtpx:cad>81</gpxtpx:cad>
     </gpxtpx:TrackPointExtension>
    </extensions>
   </trkpt>
   <trkpt lat="50.0595120" lon="19.9219670">
    <ele>202.7</ele>
    <time>2025-09-06T09:37:20Z</time>
    <extensions>
     <gpxtpx:TrackPointExtension>
      <gpxtpx:cad>83</gpxtpx:cad>
     </gpxtpx:TrackPointExtension>
    </extensions>
   </trkpt>
   <trkpt lat="50.0595150" lon="19.9219110">
    <ele>202.7</ele>
    <time>2025-09-06T09:37:21Z</time>
    <extensions>
     <gpxtpx:TrackPointExtension>
      <gpxtpx:cad>83</gpxtpx:cad>
     </gpxtpx:TrackPointExtension>
    </extensions>
   </trkpt>
   <trkpt lat="50.0595250" lon="19.9218490">
    <ele>202.7</ele>
    <time>2025-09-06T09:37:22Z</time>
    <extensions>
     <gpxtpx:TrackPointExtension>
      <gpxtpx:cad>80</gpxtpx:cad>
     </gpxtpx:TrackPointExtension>
    </extensions>
   </trkpt>
   <trkpt lat="50.0595270" lon="19.9218240">
    <ele>202.7</ele>
    <time>2025-09-06T09:37:23Z</time>
    <extensions>
     <gpxtpx:TrackPointExtension>
      <gpxtpx:cad>80</gpxtpx:cad>
     </gpxtpx:TrackPointExtension>
    </extensions>
   </trkpt>
   <trkpt lat="50.0595320" lon="19.9217780">
    <ele>202.7</ele>
    <time>2025-09-06T09:37:24Z</time>
    <extensions>
     <gpxtpx:TrackPointExtension>
      <gpxtpx:cad>81</gpxtpx:cad>
     </gpxtpx:TrackPointExtension>
    </extensions>
   </trkpt>
   <trkpt lat="50.0595400" lon="19.9217340">
    <ele>202.7</ele>
    <time>2025-09-06T09:37:25Z</time>
    <extensions>
     <gpxtpx:TrackPointExtension>
      <gpxtpx:cad>81</gpxtpx:cad>
     </gpxtpx:TrackPointExtension>
    </extensions>
   </trkpt>
   <trkpt lat="50.0595480" lon="19.9216850">
    <ele>202.7</ele>
    <time>2025-09-06T09:37:26Z</time>
    <extensions>
     <gpxtpx:TrackPointExtension>
      <gpxtpx:cad>81</gpxtpx:cad>
     </gpxtpx:TrackPointExtension>
    </extensions>
   </trkpt>
   <trkpt lat="50.0595510" lon="19.9216640">
    <ele>202.7</ele>
    <time>2025-09-06T09:37:27Z</time>
    <extensions>
     <gpxtpx:TrackPointExtension>
      <gpxtpx:cad>81</gpxtpx:cad>
     </gpxtpx:TrackPointExtension>
    </extensions>
   </trkpt>
   <trkpt lat="50.0595480" lon="19.9216490">
    <ele>202.7</ele>
    <time>2025-09-06T09:37:28Z</time>
    <extensions>
     <gpxtpx:TrackPointExtension>
      <gpxtpx:cad>80</gpxtpx:cad>
     </gpxtpx:TrackPointExtension>
    </extensions>
   </trkpt>
   <trkpt lat="50.0595710" lon="19.9216310">
    <ele>202.7</ele>
    <time>2025-09-06T09:37:29Z</time>
    <extensions>
     <gpxtpx:TrackPointExtension>
      <gpxtpx:cad>80</gpxtpx:cad>
     </gpxtpx:TrackPointExtension>
    </extensions>
   </trkpt>
   <trkpt lat="50.0595930" lon="19.9215860">
    <ele>202.7</ele>
    <time>2025-09-06T09:37:30Z</time>
    <extensions>
     <gpxtpx:TrackPointExtension>
      <gpxtpx:cad>79</gpxtpx:cad>
     </gpxtpx:TrackPointExtension>
    </extensions>
   </trkpt>
   <trkpt lat="50.0596020" lon="19.9215430">
    <ele>202.7</ele>
    <time>2025-09-06T09:37:31Z</time>
    <extensions>
     <gpxtpx:TrackPointExtension>
      <gpxtpx:cad>79</gpxtpx:cad>
     </gpxtpx:TrackPointExtension>
    </extensions>
   </trkpt>
   <trkpt lat="50.0596080" lon="19.9215100">
    <ele>202.7</ele>
    <time>2025-09-06T09:37:32Z</time>
    <extensions>
     <gpxtpx:TrackPointExtension>
      <gpxtpx:cad>79</gpxtpx:cad>
     </gpxtpx:TrackPointExtension>
    </extensions>
   </trkpt>
   <trkpt lat="50.0596140" lon="19.9214800">
    <ele>202.7</ele>
    <time>2025-09-06T09:37:33Z</time>
    <extensions>
     <gpxtpx:TrackPointExtension>
      <gpxtpx:cad>79</gpxtpx:cad>
     </gpxtpx:TrackPointExtension>
    </extensions>
   </trkpt>
   <trkpt lat="50.0596200" lon="19.9214510">
    <ele>202.7</ele>
    <time>2025-09-06T09:37:34Z</time>
    <extensions>
     <gpxtpx:TrackPointExtension>
      <gpxtpx:cad>79</gpxtpx:cad>
     </gpxtpx:TrackPointExtension>
    </extensions>
   </trkpt>
   <trkpt lat="50.0596340" lon="19.9214060">
    <ele>202.7</ele>
    <time>2025-09-06T09:37:35Z</time>
    <extensions>
     <gpxtpx:TrackPointExtension>
      <gpxtpx:cad>79</gpxtpx:cad>
     </gpxtpx:TrackPointExtension>
    </extensions>
   </trkpt>
   <trkpt lat="50.0596380" lon="19.9213610">
    <ele>202.7</ele>
    <time>2025-09-06T09:37:36Z</time>
    <extensions>
     <gpxtpx:TrackPointExtension>
      <gpxtpx:cad>78</gpxtpx:cad>
     </gpxtpx:TrackPointExtension>
    </extensions>
   </trkpt>
   <trkpt lat="50.0596430" lon="19.9213080">
    <ele>202.7</ele>
    <time>2025-09-06T09:37:37Z</time>
    <extensions>
     <gpxtpx:TrackPointExtension>
      <gpxtpx:cad>78</gpxtpx:cad>
     </gpxtpx:TrackPointExtension>
    </extensions>
   </trkpt>
   <trkpt lat="50.0596440" lon="19.9212880">
    <ele>202.7</ele>
    <time>2025-09-06T09:37:38Z</time>
    <extensions>
     <gpxtpx:TrackPointExtension>
      <gpxtpx:cad>80</gpxtpx:cad>
     </gpxtpx:TrackPointExtension>
    </extensions>
   </trkpt>
   <trkpt lat="50.0596500" lon="19.9212330">
    <ele>202.7</ele>
    <time>2025-09-06T09:37:39Z</time>
    <extensions>
     <gpxtpx:TrackPointExtension>
      <gpxtpx:cad>80</gpxtpx:cad>
     </gpxtpx:TrackPointExtension>
    </extensions>
   </trkpt>
   <trkpt lat="50.0596520" lon="19.9212170">
    <ele>202.7</ele>
    <time>2025-09-06T09:37:40Z</time>
    <extensions>
     <gpxtpx:TrackPointExtension>
      <gpxtpx:cad>81</gpxtpx:cad>
     </gpxtpx:TrackPointExtension>
    </extensions>
   </trkpt>
   <trkpt lat="50.0596550" lon="19.9211580">
    <ele>202.7</ele>
    <time>2025-09-06T09:37:41Z</time>
    <extensions>
     <gpxtpx:TrackPointExtension>
      <gpxtpx:cad>81</gpxtpx:cad>
     </gpxtpx:TrackPointExtension>
    </extensions>
   </trkpt>
   <trkpt lat="50.0596560" lon="19.9211370">
    <ele>202.7</ele>
    <time>2025-09-06T09:37:42Z</time>
    <extensions>
     <gpxtpx:TrackPointExtension>
      <gpxtpx:cad>80</gpxtpx:cad>
     </gpxtpx:TrackPointExtension>
    </extensions>
   </trkpt>
   <trkpt lat="50.0596590" lon="19.9211040">
    <ele>202.7</ele>
    <time>2025-09-06T09:37:43Z</time>
    <extensions>
     <gpxtpx:TrackPointExtension>
      <gpxtpx:cad>80</gpxtpx:cad>
     </gpxtpx:TrackPointExtension>
    </extensions>
   </trkpt>
   <trkpt lat="50.0596600" lon="19.9210810">
    <ele>202.7</ele>
    <time>2025-09-06T09:37:44Z</time>
    <extensions>
     <gpxtpx:TrackPointExtension>
      <gpxtpx:cad>81</gpxtpx:cad>
     </gpxtpx:TrackPointExtension>
    </extensions>
   </trkpt>
   <trkpt lat="50.0596610" lon="19.9210590">
    <ele>202.7</ele>
    <time>2025-09-06T09:37:45Z</time>
    <extensions>
     <gpxtpx:TrackPointExtension>
      <gpxtpx:cad>81</gpxtpx:cad>
     </gpxtpx:TrackPointExtension>
    </extensions>
   </trkpt>
   <trkpt lat="50.0596770" lon="19.9210050">
    <ele>202.8</ele>
    <time>2025-09-06T09:37:46Z</time>
    <extensions>
     <gpxtpx:TrackPointExtension>
      <gpxtpx:cad>81</gpxtpx:cad>
     </gpxtpx:TrackPointExtension>
    </extensions>
   </trkpt>
   <trkpt lat="50.0596880" lon="19.9209460">
    <ele>202.8</ele>
    <time>2025-09-06T09:37:47Z</time>
    <extensions>
     <gpxtpx:TrackPointExtension>
      <gpxtpx:cad>81</gpxtpx:cad>
     </gpxtpx:TrackPointExtension>
    </extensions>
   </trkpt>
   <trkpt lat="50.0596960" lon="19.9209180">
    <ele>202.8</ele>
    <time>2025-09-06T09:37:48Z</time>
    <extensions>
     <gpxtpx:TrackPointExtension>
      <gpxtpx:cad>81</gpxtpx:cad>
     </gpxtpx:TrackPointExtension>
    </extensions>
   </trkpt>
   <trkpt lat="50.0597040" lon="19.9208750">
    <ele>202.8</ele>
    <time>2025-09-06T09:37:49Z</time>
    <extensions>
     <gpxtpx:TrackPointExtension>
      <gpxtpx:cad>79</gpxtpx:cad>
     </gpxtpx:TrackPointExtension>
    </extensions>
   </trkpt>
   <trkpt lat="50.0596950" lon="19.9208260">
    <ele>202.8</ele>
    <time>2025-09-06T09:37:50Z</time>
    <extensions>
     <gpxtpx:TrackPointExtension>
      <gpxtpx:cad>79</gpxtpx:cad>
     </gpxtpx:TrackPointExtension>
    </extensions>
   </trkpt>
   <trkpt lat="50.0596910" lon="19.9207820">
    <ele>202.8</ele>
    <time>2025-09-06T09:37:51Z</time>
    <extensions>
     <gpxtpx:TrackPointExtension>
      <gpxtpx:cad>85</gpxtpx:cad>
     </gpxtpx:TrackPointExtension>
    </extensions>
   </trkpt>
   <trkpt lat="50.0597020" lon="19.9207230">
    <ele>202.8</ele>
    <time>2025-09-06T09:37:52Z</time>
    <extensions>
     <gpxtpx:TrackPointExtension>
      <gpxtpx:cad>85</gpxtpx:cad>
     </gpxtpx:TrackPointExtension>
    </extensions>
   </trkpt>
   <trkpt lat="50.0597060" lon="19.9206990">
    <ele>202.8</ele>
    <time>2025-09-06T09:37:53Z</time>
    <extensions>
     <gpxtpx:TrackPointExtension>
      <gpxtpx:cad>83</gpxtpx:cad>
     </gpxtpx:TrackPointExtension>
    </extensions>
   </trkpt>
   <trkpt lat="50.0597170" lon="19.9206530">
    <ele>202.8</ele>
    <time>2025-09-06T09:37:54Z</time>
    <extensions>
     <gpxtpx:TrackPointExtension>
      <gpxtpx:cad>83</gpxtpx:cad>
     </gpxtpx:TrackPointExtension>
    </extensions>
   </trkpt>
   <trkpt lat="50.0597320" lon="19.9205910">
    <ele>202.8</ele>
    <time>2025-09-06T09:37:55Z</time>
    <extensions>
     <gpxtpx:TrackPointExtension>
      <gpxtpx:cad>81</gpxtpx:cad>
     </gpxtpx:TrackPointExtension>
    </extensions>
   </trkpt>
   <trkpt lat="50.0597370" lon="19.9205660">
    <ele>202.8</ele>
    <time>2025-09-06T09:37:56Z</time>
    <extensions>
     <gpxtpx:TrackPointExtension>
      <gpxtpx:cad>81</gpxtpx:cad>
     </gpxtpx:TrackPointExtension>
    </extensions>
   </trkpt>
   <trkpt lat="50.0597410" lon="19.9205170">
    <ele>202.8</ele>
    <time>2025-09-06T09:37:57Z</time>
    <extensions>
     <gpxtpx:TrackPointExtension>
      <gpxtpx:cad>82</gpxtpx:cad>
     </gpxtpx:TrackPointExtension>
    </extensions>
   </trkpt>
   <trkpt lat="50.0597440" lon="19.9204530">
    <ele>202.8</ele>
    <time>2025-09-06T09:37:58Z</time>
    <extensions>
     <gpxtpx:TrackPointExtension>
      <gpxtpx:cad>82</gpxtpx:cad>
     </gpxtpx:TrackPointExtension>
    </extensions>
   </trkpt>
   <trkpt lat="50.0597460" lon="19.9204290">
    <ele>202.8</ele>
    <time>2025-09-06T09:37:59Z</time>
    <extensions>
     <gpxtpx:TrackPointExtension>
      <gpxtpx:cad>81</gpxtpx:cad>
     </gpxtpx:TrackPointExtension>
    </extensions>
   </trkpt>
   <trkpt lat="50.0597490" lon="19.9204120">
    <ele>202.8</ele>
    <time>2025-09-06T09:38:00Z</time>
    <extensions>
     <gpxtpx:TrackPointExtension>
      <gpxtpx:cad>81</gpxtpx:cad>
     </gpxtpx:TrackPointExtension>
    </extensions>
   </trkpt>
   <trkpt lat="50.0597480" lon="19.9204090">
    <ele>202.8</ele>
    <time>2025-09-06T09:38:01Z</time>
    <extensions>
     <gpxtpx:TrackPointExtension>
      <gpxtpx:cad>81</gpxtpx:cad>
     </gpxtpx:TrackPointExtension>
    </extensions>
   </trkpt>
   <trkpt lat="50.0597510" lon="19.9203740">
    <ele>202.8</ele>
    <time>2025-09-06T09:38:02Z</time>
    <extensions>
     <gpxtpx:TrackPointExtension>
      <gpxtpx:cad>81</gpxtpx:cad>
     </gpxtpx:TrackPointExtension>
    </extensions>
   </trkpt>
   <trkpt lat="50.0597680" lon="19.9203090">
    <ele>202.8</ele>
    <time>2025-09-06T09:38:03Z</time>
    <extensions>
     <gpxtpx:TrackPointExtension>
      <gpxtpx:cad>81</gpxtpx:cad>
     </gpxtpx:TrackPointExtension>
    </extensions>
   </trkpt>
   <trkpt lat="50.0597810" lon="19.9202570">
    <ele>202.8</ele>
    <time>2025-09-06T09:38:04Z</time>
    <extensions>
     <gpxtpx:TrackPointExtension>
      <gpxtpx:cad>81</gpxtpx:cad>
     </gpxtpx:TrackPointExtension>
    </extensions>
   </trkpt>
   <trkpt lat="50.0597900" lon="19.9202140">
    <ele>202.8</ele>
    <time>2025-09-06T09:38:05Z</time>
    <extensions>
     <gpxtpx:TrackPointExtension>
      <gpxtpx:cad>81</gpxtpx:cad>
     </gpxtpx:TrackPointExtension>
    </extensions>
   </trkpt>
   <trkpt lat="50.0597990" lon="19.9201660">
    <ele>202.8</ele>
    <time>2025-09-06T09:38:06Z</time>
    <extensions>
     <gpxtpx:TrackPointExtension>
      <gpxtpx:cad>81</gpxtpx:cad>
     </gpxtpx:TrackPointExtension>
    </extensions>
   </trkpt>
   <trkpt lat="50.0598030" lon="19.9201440">
    <ele>202.8</ele>
    <time>2025-09-06T09:38:07Z</time>
    <extensions>
     <gpxtpx:TrackPointExtension>
      <gpxtpx:cad>82</gpxtpx:cad>
     </gpxtpx:TrackPointExtension>
    </extensions>
   </trkpt>
   <trkpt lat="50.0598140" lon="19.9200860">
    <ele>202.8</ele>
    <time>2025-09-06T09:38:08Z</time>
    <extensions>
     <gpxtpx:TrackPointExtension>
      <gpxtpx:cad>82</gpxtpx:cad>
     </gpxtpx:TrackPointExtension>
    </extensions>
   </trkpt>
   <trkpt lat="50.0598170" lon="19.9200650">
    <ele>202.8</ele>
    <time>2025-09-06T09:38:09Z</time>
    <extensions>
     <gpxtpx:TrackPointExtension>
      <gpxtpx:cad>83</gpxtpx:cad>
     </gpxtpx:TrackPointExtension>
    </extensions>
   </trkpt>
   <trkpt lat="50.0598250" lon="19.9200230">
    <ele>202.8</ele>
    <time>2025-09-06T09:38:10Z</time>
    <extensions>
     <gpxtpx:TrackPointExtension>
      <gpxtpx:cad>83</gpxtpx:cad>
     </gpxtpx:TrackPointExtension>
    </extensions>
   </trkpt>
   <trkpt lat="50.0598280" lon="19.9200110">
    <ele>202.8</ele>
    <time>2025-09-06T09:38:11Z</time>
    <extensions>
     <gpxtpx:TrackPointExtension>
      <gpxtpx:cad>83</gpxtpx:cad>
     </gpxtpx:TrackPointExtension>
    </extensions>
   </trkpt>
   <trkpt lat="50.0598280" lon="19.9199570">
    <ele>202.8</ele>
    <time>2025-09-06T09:38:12Z</time>
    <extensions>
     <gpxtpx:TrackPointExtension>
      <gpxtpx:cad>83</gpxtpx:cad>
     </gpxtpx:TrackPointExtension>
    </extensions>
   </trkpt>
   <trkpt lat="50.0598270" lon="19.9199340">
    <ele>202.8</ele>
    <time>2025-09-06T09:38:13Z</time>
    <extensions>
     <gpxtpx:TrackPointExtension>
      <gpxtpx:cad>82</gpxtpx:cad>
     </gpxtpx:TrackPointExtension>
    </extensions>
   </trkpt>
   <trkpt lat="50.0598410" lon="19.9198690">
    <ele>202.8</ele>
    <time>2025-09-06T09:38:14Z</time>
    <extensions>
     <gpxtpx:TrackPointExtension>
      <gpxtpx:cad>82</gpxtpx:cad>
     </gpxtpx:TrackPointExtension>
    </extensions>
   </trkpt>
   <trkpt lat="50.0598470" lon="19.9198400">
    <ele>202.8</ele>
    <time>2025-09-06T09:38:15Z</time>
    <extensions>
     <gpxtpx:TrackPointExtension>
      <gpxtpx:cad>80</gpxtpx:cad>
     </gpxtpx:TrackPointExtension>
    </extensions>
   </trkpt>
   <trkpt lat="50.0598560" lon="19.9197880">
    <ele>202.8</ele>
    <time>2025-09-06T09:38:16Z</time>
    <extensions>
     <gpxtpx:TrackPointExtension>
      <gpxtpx:cad>80</gpxtpx:cad>
     </gpxtpx:TrackPointExtension>
    </extensions>
   </trkpt>
   <trkpt lat="50.0598620" lon="19.9197480">
    <ele>202.8</ele>
    <time>2025-09-06T09:38:17Z</time>
    <extensions>
     <gpxtpx:TrackPointExtension>
      <gpxtpx:cad>81</gpxtpx:cad>
     </gpxtpx:TrackPointExtension>
    </extensions>
   </trkpt>
   <trkpt lat="50.0598620" lon="19.9197350">
    <ele>202.8</ele>
    <time>2025-09-06T09:38:18Z</time>
    <extensions>
     <gpxtpx:TrackPointExtension>
      <gpxtpx:cad>81</gpxtpx:cad>
     </gpxtpx:TrackPointExtension>
    </extensions>
   </trkpt>
   <trkpt lat="50.0598630" lon="19.9197210">
    <ele>202.8</ele>
    <time>2025-09-06T09:38:19Z</time>
    <extensions>
     <gpxtpx:TrackPointExtension>
      <gpxtpx:cad>79</gpxtpx:cad>
     </gpxtpx:TrackPointExtension>
    </extensions>
   </trkpt>
   <trkpt lat="50.0598660" lon="19.9196690">
    <ele>202.8</ele>
    <time>2025-09-06T09:38:20Z</time>
    <extensions>
     <gpxtpx:TrackPointExtension>
      <gpxtpx:cad>79</gpxtpx:cad>
     </gpxtpx:TrackPointExtension>
    </extensions>
   </trkpt>
   <trkpt lat="50.0598660" lon="19.9196360">
    <ele>202.8</ele>
    <time>2025-09-06T09:38:21Z</time>
    <extensions>
     <gpxtpx:TrackPointExtension>
      <gpxtpx:cad>79</gpxtpx:cad>
     </gpxtpx:TrackPointExtension>
    </extensions>
   </trkpt>
   <trkpt lat="50.0598720" lon="19.9195780">
    <ele>202.8</ele>
    <time>2025-09-06T09:38:22Z</time>
    <extensions>
     <gpxtpx:TrackPointExtension>
      <gpxtpx:cad>79</gpxtpx:cad>
     </gpxtpx:TrackPointExtension>
    </extensions>
   </trkpt>
   <trkpt lat="50.0598890" lon="19.9195150">
    <ele>202.8</ele>
    <time>2025-09-06T09:38:23Z</time>
    <extensions>
     <gpxtpx:TrackPointExtension>
      <gpxtpx:cad>80</gpxtpx:cad>
     </gpxtpx:TrackPointExtension>
    </extensions>
   </trkpt>
   <trkpt lat="50.0598960" lon="19.9194890">
    <ele>202.8</ele>
    <time>2025-09-06T09:38:24Z</time>
    <extensions>
     <gpxtpx:TrackPointExtension>
      <gpxtpx:cad>80</gpxtpx:cad>
     </gpxtpx:TrackPointExtension>
    </extensions>
   </trkpt>
   <trkpt lat="50.0599160" lon="19.9194440">
    <ele>202.8</ele>
    <time>2025-09-06T09:38:25Z</time>
    <extensions>
     <gpxtpx:TrackPointExtension>
      <gpxtpx:cad>79</gpxtpx:cad>
     </gpxtpx:TrackPointExtension>
    </extensions>
   </trkpt>
   <trkpt lat="50.0599440" lon="19.9193970">
    <ele>202.8</ele>
    <time>2025-09-06T09:38:26Z</time>
    <extensions>
     <gpxtpx:TrackPointExtension>
      <gpxtpx:cad>79</gpxtpx:cad>
     </gpxtpx:TrackPointExtension>
    </extensions>
   </trkpt>
   <trkpt lat="50.0599540" lon="19.9193760">
    <ele>202.8</ele>
    <time>2025-09-06T09:38:27Z</time>
    <extensions>
     <gpxtpx:TrackPointExtension>
      <gpxtpx:cad>80</gpxtpx:cad>
     </gpxtpx:TrackPointExtension>
    </extensions>
   </trkpt>
   <trkpt lat="50.0599710" lon="19.9193330">
    <ele>202.8</ele>
    <time>2025-09-06T09:38:28Z</time>
    <extensions>
     <gpxtpx:TrackPointExtension>
      <gpxtpx:cad>80</gpxtpx:cad>
     </gpxtpx:TrackPointExtension>
    </extensions>
   </trkpt>
   <trkpt lat="50.0599770" lon="19.9193140">
    <ele>202.8</ele>
    <time>2025-09-06T09:38:29Z</time>
    <extensions>
     <gpxtpx:TrackPointExtension>
      <gpxtpx:cad>79</gpxtpx:cad>
     </gpxtpx:TrackPointExtension>
    </extensions>
   </trkpt>
   <trkpt lat="50.0599670" lon="19.9193230">
    <ele>202.8</ele>
    <time>2025-09-06T09:38:30Z</time>
    <extensions>
     <gpxtpx:TrackPointExtension>
      <gpxtpx:cad>79</gpxtpx:cad>
     </gpxtpx:TrackPointExtension>
    </extensions>
   </trkpt>
   <trkpt lat="50.0599590" lon="19.9192800">
    <ele>202.8</ele>
    <time>2025-09-06T09:38:31Z</time>
    <extensions>
     <gpxtpx:TrackPointExtension>
      <gpxtpx:cad>79</gpxtpx:cad>
     </gpxtpx:TrackPointExtension>
    </extensions>
   </trkpt>
   <trkpt lat="50.0599750" lon="19.9192030">
    <ele>202.9</ele>
    <time>2025-09-06T09:38:32Z</time>
    <extensions>
     <gpxtpx:TrackPointExtension>
      <gpxtpx:cad>79</gpxtpx:cad>
     </gpxtpx:TrackPointExtension>
    </extensions>
   </trkpt>
   <trkpt lat="50.0599880" lon="19.9191400">
    <ele>202.9</ele>
    <time>2025-09-06T09:38:33Z</time>
    <extensions>
     <gpxtpx:TrackPointExtension>
      <gpxtpx:cad>79</gpxtpx:cad>
     </gpxtpx:TrackPointExtension>
    </extensions>
   </trkpt>
   <trkpt lat="50.0599970" lon="19.9190980">
    <ele>202.9</ele>
    <time>2025-09-06T09:38:34Z</time>
    <extensions>
     <gpxtpx:TrackPointExtension>
      <gpxtpx:cad>79</gpxtpx:cad>
     </gpxtpx:TrackPointExtension>
    </extensions>
   </trkpt>
   <trkpt lat="50.0600030" lon="19.9190610">
    <ele>202.9</ele>
    <time>2025-09-06T09:38:35Z</time>
    <extensions>
     <gpxtpx:TrackPointExtension>
      <gpxtpx:cad>79</gpxtpx:cad>
     </gpxtpx:TrackPointExtension>
    </extensions>
   </trkpt>
   <trkpt lat="50.0600040" lon="19.9190490">
    <ele>202.9</ele>
    <time>2025-09-06T09:38:36Z</time>
    <extensions>
     <gpxtpx:TrackPointExtension>
      <gpxtpx:cad>79</gpxtpx:cad>
     </gpxtpx:TrackPointExtension>
    </extensions>
   </trkpt>
   <trkpt lat="50.0600130" lon="19.9189800">
    <ele>203.0</ele>
    <time>2025-09-06T09:38:37Z</time>
    <extensions>
     <gpxtpx:TrackPointExtension>
      <gpxtpx:cad>79</gpxtpx:cad>
     </gpxtpx:TrackPointExtension>
    </extensions>
   </trkpt>
   <trkpt lat="50.0600160" lon="19.9189460">
    <ele>203.0</ele>
    <time>2025-09-06T09:38:38Z</time>
    <extensions>
     <gpxtpx:TrackPointExtension>
      <gpxtpx:cad>79</gpxtpx:cad>
     </gpxtpx:TrackPointExtension>
    </extensions>
   </trkpt>
   <trkpt lat="50.0600220" lon="19.9188880">
    <ele>203.0</ele>
    <time>2025-09-06T09:38:39Z</time>
    <extensions>
     <gpxtpx:TrackPointExtension>
      <gpxtpx:cad>80</gpxtpx:cad>
     </gpxtpx:TrackPointExtension>
    </extensions>
   </trkpt>
   <trkpt lat="50.0600290" lon="19.9188450">
    <ele>203.0</ele>
    <time>2025-09-06T09:38:40Z</time>
    <extensions>
     <gpxtpx:TrackPointExtension>
      <gpxtpx:cad>80</gpxtpx:cad>
     </gpxtpx:TrackPointExtension>
    </extensions>
   </trkpt>
   <trkpt lat="50.0600350" lon="19.9187970">
    <ele>203.0</ele>
    <time>2025-09-06T09:38:41Z</time>
    <extensions>
     <gpxtpx:TrackPointExtension>
      <gpxtpx:cad>79</gpxtpx:cad>
     </gpxtpx:TrackPointExtension>
    </extensions>
   </trkpt>
   <trkpt lat="50.0600470" lon="19.9187340">
    <ele>203.0</ele>
    <time>2025-09-06T09:38:42Z</time>
    <extensions>
     <gpxtpx:TrackPointExtension>
      <gpxtpx:cad>79</gpxtpx:cad>
     </gpxtpx:TrackPointExtension>
    </extensions>
   </trkpt>
   <trkpt lat="50.0600500" lon="19.9187100">
    <ele>203.0</ele>
    <time>2025-09-06T09:38:43Z</time>
    <extensions>
     <gpxtpx:TrackPointExtension>
      <gpxtpx:cad>79</gpxtpx:cad>
     </gpxtpx:TrackPointExtension>
    </extensions>
   </trkpt>
   <trkpt lat="50.0600540" lon="19.9186740">
    <ele>203.0</ele>
    <time>2025-09-06T09:38:44Z</time>
    <extensions>
     <gpxtpx:TrackPointExtension>
      <gpxtpx:cad>79</gpxtpx:cad>
     </gpxtpx:TrackPointExtension>
    </extensions>
   </trkpt>
   <trkpt lat="50.0600550" lon="19.9186610">
    <ele>203.0</ele>
    <time>2025-09-06T09:38:45Z</time>
    <extensions>
     <gpxtpx:TrackPointExtension>
      <gpxtpx:cad>79</gpxtpx:cad>
     </gpxtpx:TrackPointExtension>
    </extensions>
   </trkpt>
   <trkpt lat="50.0600540" lon="19.9185970">
    <ele>203.0</ele>
    <time>2025-09-06T09:38:46Z</time>
    <extensions>
     <gpxtpx:TrackPointExtension>
      <gpxtpx:cad>79</gpxtpx:cad>
     </gpxtpx:TrackPointExtension>
    </extensions>
   </trkpt>
   <trkpt lat="50.0600550" lon="19.9185690">
    <ele>203.1</ele>
    <time>2025-09-06T09:38:47Z</time>
    <extensions>
     <gpxtpx:TrackPointExtension>
      <gpxtpx:cad>81</gpxtpx:cad>
     </gpxtpx:TrackPointExtension>
    </extensions>
   </trkpt>
   <trkpt lat="50.0600620" lon="19.9185220">
    <ele>203.1</ele>
    <time>2025-09-06T09:38:48Z</time>
    <extensions>
     <gpxtpx:TrackPointExtension>
      <gpxtpx:cad>81</gpxtpx:cad>
     </gpxtpx:TrackPointExtension>
    </extensions>
   </trkpt>
   <trkpt lat="50.0600730" lon="19.9184760">
    <ele>203.1</ele>
    <time>2025-09-06T09:38:49Z</time>
    <extensions>
     <gpxtpx:TrackPointExtension>
      <gpxtpx:cad>78</gpxtpx:cad>
     </gpxtpx:TrackPointExtension>
    </extensions>
   </trkpt>
   <trkpt lat="50.0600780" lon="19.9184280">
    <ele>203.1</ele>
    <time>2025-09-06T09:38:50Z</time>
    <extensions>
     <gpxtpx:TrackPointExtension>
      <gpxtpx:cad>78</gpxtpx:cad>
     </gpxtpx:TrackPointExtension>
    </extensions>
   </trkpt>
   <trkpt lat="50.0600850" lon="19.9183710">
    <ele>203.1</ele>
    <time>2025-09-06T09:38:51Z</time>
    <extensions>
     <gpxtpx:TrackPointExtension>
      <gpxtpx:cad>79</gpxtpx:cad>
     </gpxtpx:TrackPointExtension>
    </extensions>
   </trkpt>
   <trkpt lat="50.0600880" lon="19.9183470">
    <ele>203.1</ele>
    <time>2025-09-06T09:38:52Z</time>
    <extensions>
     <gpxtpx:TrackPointExtension>
      <gpxtpx:cad>79</gpxtpx:cad>
     </gpxtpx:TrackPointExtension>
    </extensions>
   </trkpt>
   <trkpt lat="50.0600950" lon="19.9183000">
    <ele>203.1</ele>
    <time>2025-09-06T09:38:53Z</time>
    <extensions>
     <gpxtpx:TrackPointExtension>
      <gpxtpx:cad>79</gpxtpx:cad>
     </gpxtpx:TrackPointExtension>
    </extensions>
   </trkpt>
   <trkpt lat="50.0601040" lon="19.9182690">
    <ele>203.1</ele>
    <time>2025-09-06T09:38:54Z</time>
    <extensions>
     <gpxtpx:TrackPointExtension>
      <gpxtpx:cad>79</gpxtpx:cad>
     </gpxtpx:TrackPointExtension>
    </extensions>
   </trkpt>
   <trkpt lat="50.0601080" lon="19.9182420">
    <ele>203.1</ele>
    <time>2025-09-06T09:38:55Z</time>
    <extensions>
     <gpxtpx:TrackPointExtension>
      <gpxtpx:cad>80</gpxtpx:cad>
     </gpxtpx:TrackPointExtension>
    </extensions>
   </trkpt>
   <trkpt lat="50.0601130" lon="19.9182160">
    <ele>203.1</ele>
    <time>2025-09-06T09:38:56Z</time>
    <extensions>
     <gpxtpx:TrackPointExtension>
      <gpxtpx:cad>80</gpxtpx:cad>
     </gpxtpx:TrackPointExtension>
    </extensions>
   </trkpt>
   <trkpt lat="50.0601200" lon="19.9181660">
    <ele>203.1</ele>
    <time>2025-09-06T09:38:57Z</time>
    <extensions>
     <gpxtpx:TrackPointExtension>
      <gpxtpx:cad>80</gpxtpx:cad>
     </gpxtpx:TrackPointExtension>
    </extensions>
   </trkpt>
   <trkpt lat="50.0601290" lon="19.9181170">
    <ele>203.1</ele>
    <time>2025-09-06T09:38:58Z</time>
    <extensions>
     <gpxtpx:TrackPointExtension>
      <gpxtpx:cad>80</gpxtpx:cad>
     </gpxtpx:TrackPointExtension>
    </extensions>
   </trkpt>
   <trkpt lat="50.0601370" lon="19.9180700">
    <ele>203.1</ele>
    <time>2025-09-06T09:38:59Z</time>
    <extensions>
     <gpxtpx:TrackPointExtension>
      <gpxtpx:cad>81</gpxtpx:cad>
     </gpxtpx:TrackPointExtension>
    </extensions>
   </trkpt>
   <trkpt lat="50.0601500" lon="19.9180150">
    <ele>203.2</ele>
    <time>2025-09-06T09:39:00Z</time>
    <extensions>
     <gpxtpx:TrackPointExtension>
      <gpxtpx:cad>81</gpxtpx:cad>
     </gpxtpx:TrackPointExtension>
    </extensions>
   </trkpt>
   <trkpt lat="50.0601540" lon="19.9179940">
    <ele>203.2</ele>
    <time>2025-09-06T09:39:01Z</time>
    <extensions>
     <gpxtpx:TrackPointExtension>
      <gpxtpx:cad>79</gpxtpx:cad>
     </gpxtpx:TrackPointExtension>
    </extensions>
   </trkpt>
   <trkpt lat="50.0601600" lon="19.9179690">
    <ele>203.2</ele>
    <time>2025-09-06T09:39:02Z</time>
    <extensions>
     <gpxtpx:TrackPointExtension>
      <gpxtpx:cad>79</gpxtpx:cad>
     </gpxtpx:TrackPointExtension>
    </extensions>
   </trkpt>
   <trkpt lat="50.0601630" lon="19.9179390">
    <ele>203.2</ele>
    <time>2025-09-06T09:39:03Z</time>
    <extensions>
     <gpxtpx:TrackPointExtension>
      <gpxtpx:cad>80</gpxtpx:cad>
     </gpxtpx:TrackPointExtension>
    </extensions>
   </trkpt>
   <trkpt lat="50.0601650" lon="19.9179090">
    <ele>203.2</ele>
    <time>2025-09-06T09:39:04Z</time>
    <extensions>
     <gpxtpx:TrackPointExtension>
      <gpxtpx:cad>80</gpxtpx:cad>
     </gpxtpx:TrackPointExtension>
    </extensions>
   </trkpt>
   <trkpt lat="50.0601820" lon="19.9178520">
    <ele>203.5</ele>
    <time>2025-09-06T09:39:05Z</time>
    <extensions>
     <gpxtpx:TrackPointExtension>
      <gpxtpx:cad>81</gpxtpx:cad>
     </gpxtpx:TrackPointExtension>
    </extensions>
   </trkpt>
   <trkpt lat="50.0602190" lon="19.9178260">
    <ele>203.7</ele>
    <time>2025-09-06T09:39:06Z</time>
    <extensions>
     <gpxtpx:TrackPointExtension>
      <gpxtpx:cad>81</gpxtpx:cad>
     </gpxtpx:TrackPointExtension>
    </extensions>
   </trkpt>
   <trkpt lat="50.0602590" lon="19.9178250">
    <ele>203.8</ele>
    <time>2025-09-06T09:39:07Z</time>
    <extensions>
     <gpxtpx:TrackPointExtension>
      <gpxtpx:cad>79</gpxtpx:cad>
     </gpxtpx:TrackPointExtension>
    </extensions>
   </trkpt>
   <trkpt lat="50.0602730" lon="19.9178250">
    <ele>203.9</ele>
    <time>2025-09-06T09:39:08Z</time>
    <extensions>
     <gpxtpx:TrackPointExtension>
      <gpxtpx:cad>79</gpxtpx:cad>
     </gpxtpx:TrackPointExtension>
    </extensions>
   </trkpt>
   <trkpt lat="50.0603110" lon="19.9178260">
    <ele>204.0</ele>
    <time>2025-09-06T09:39:09Z</time>
    <extensions>
     <gpxtpx:TrackPointExtension>
      <gpxtpx:cad>79</gpxtpx:cad>
     </gpxtpx:TrackPointExtension>
    </extensions>
   </trkpt>
   <trkpt lat="50.0603250" lon="19.9178280">
    <ele>204.1</ele>
    <time>2025-09-06T09:39:10Z</time>
    <extensions>
     <gpxtpx:TrackPointExtension>
      <gpxtpx:cad>79</gpxtpx:cad>
     </gpxtpx:TrackPointExtension>
    </extensions>
   </trkpt>
   <trkpt lat="50.0603630" lon="19.9178310">
    <ele>204.2</ele>
    <time>2025-09-06T09:39:11Z</time>
    <extensions>
     <gpxtpx:TrackPointExtension>
      <gpxtpx:cad>80</gpxtpx:cad>
     </gpxtpx:TrackPointExtension>
    </extensions>
   </trkpt>
   <trkpt lat="50.0603740" lon="19.9178320">
    <ele>204.3</ele>
    <time>2025-09-06T09:39:12Z</time>
    <extensions>
     <gpxtpx:TrackPointExtension>
      <gpxtpx:cad>80</gpxtpx:cad>
     </gpxtpx:TrackPointExtension>
    </extensions>
   </trkpt>
   <trkpt lat="50.0604150" lon="19.9178320">
    <ele>204.3</ele>
    <time>2025-09-06T09:39:13Z</time>
    <extensions>
     <gpxtpx:TrackPointExtension>
      <gpxtpx:cad>81</gpxtpx:cad>
     </gpxtpx:TrackPointExtension>
    </extensions>
   </trkpt>
   <trkpt lat="50.0604300" lon="19.9178310">
    <ele>204.3</ele>
    <time>2025-09-06T09:39:14Z</time>
    <extensions>
     <gpxtpx:TrackPointExtension>
      <gpxtpx:cad>81</gpxtpx:cad>
     </gpxtpx:TrackPointExtension>
    </extensions>
   </trkpt>
   <trkpt lat="50.0604650" lon="19.9178310">
    <ele>204.3</ele>
    <time>2025-09-06T09:39:15Z</time>
    <extensions>
     <gpxtpx:TrackPointExtension>
      <gpxtpx:cad>79</gpxtpx:cad>
     </gpxtpx:TrackPointExtension>
    </extensions>
   </trkpt>
   <trkpt lat="50.0604770" lon="19.9178310">
    <ele>204.3</ele>
    <time>2025-09-06T09:39:16Z</time>
    <extensions>
     <gpxtpx:TrackPointExtension>
      <gpxtpx:cad>79</gpxtpx:cad>
     </gpxtpx:TrackPointExtension>
    </extensions>
   </trkpt>
   <trkpt lat="50.0605120" lon="19.9178220">
    <ele>204.3</ele>
    <time>2025-09-06T09:39:17Z</time>
    <extensions>
     <gpxtpx:TrackPointExtension>
      <gpxtpx:cad>79</gpxtpx:cad>
     </gpxtpx:TrackPointExtension>
    </extensions>
   </trkpt>
   <trkpt lat="50.0605210" lon="19.9178180">
    <ele>204.3</ele>
    <time>2025-09-06T09:39:18Z</time>
    <extensions>
     <gpxtpx:TrackPointExtension>
      <gpxtpx:cad>79</gpxtpx:cad>
     </gpxtpx:TrackPointExtension>
    </extensions>
   </trkpt>
   <trkpt lat="50.0605490" lon="19.9178110">
    <ele>204.3</ele>
    <time>2025-09-06T09:39:19Z</time>
    <extensions>
     <gpxtpx:TrackPointExtension>
      <gpxtpx:cad>79</gpxtpx:cad>
     </gpxtpx:TrackPointExtension>
    </extensions>
   </trkpt>
   <trkpt lat="50.0605650" lon="19.9178150">
    <ele>204.3</ele>
    <time>2025-09-06T09:39:20Z</time>
    <extensions>
     <gpxtpx:TrackPointExtension>
      <gpxtpx:cad>79</gpxtpx:cad>
     </gpxtpx:TrackPointExtension>
    </extensions>
   </trkpt>
   <trkpt lat="50.0605750" lon="19.9178230">
    <ele>204.3</ele>
    <time>2025-09-06T09:39:21Z</time>
    <extensions>
     <gpxtpx:TrackPointExtension>
      <gpxtpx:cad>81</gpxtpx:cad>
     </gpxtpx:TrackPointExtension>
    </extensions>
   </trkpt>
   <trkpt lat="50.0606090" lon="19.9178330">
    <ele>204.3</ele>
    <time>2025-09-06T09:39:22Z</time>
    <extensions>
     <gpxtpx:TrackPointExtension>
      <gpxtpx:cad>81</gpxtpx:cad>
     </gpxtpx:TrackPointExtension>
    </extensions>
   </trkpt>
   <trkpt lat="50.0606190" lon="19.9178360">
    <ele>204.3</ele>
    <time>2025-09-06T09:39:23Z</time>
    <extensions>
     <gpxtpx:TrackPointExtension>
      <gpxtpx:cad>79</gpxtpx:cad>
     </gpxtpx:TrackPointExtension>
    </extensions>
   </trkpt>
   <trkpt lat="50.0606600" lon="19.9178340">
    <ele>204.3</ele>
    <time>2025-09-06T09:39:24Z</time>
    <extensions>
     <gpxtpx:TrackPointExtension>
      <gpxtpx:cad>79</gpxtpx:cad>
     </gpxtpx:TrackPointExtension>
    </extensions>
   </trkpt>
   <trkpt lat="50.0606790" lon="19.9178360">
    <ele>204.3</ele>
    <time>2025-09-06T09:39:25Z</time>
    <extensions>
     <gpxtpx:TrackPointExtension>
      <gpxtpx:cad>78</gpxtpx:cad>
     </gpxtpx:TrackPointExtension>
    </extensions>
   </trkpt>
   <trkpt lat="50.0607150" lon="19.9178390">
    <ele>204.3</ele>
    <time>2025-09-06T09:39:26Z</time>
    <extensions>
     <gpxtpx:TrackPointExtension>
      <gpxtpx:cad>78</gpxtpx:cad>
     </gpxtpx:TrackPointExtension>
    </extensions>
   </trkpt>
   <trkpt lat="50.0607510" lon="19.9178360">
    <ele>204.3</ele>
    <time>2025-09-06T09:39:27Z</time>
    <extensions>
     <gpxtpx:TrackPointExtension>
      <gpxtpx:cad>79</gpxtpx:cad>
     </gpxtpx:TrackPointExtension>
    </extensions>
   </trkpt>
   <trkpt lat="50.0607660" lon="19.9178330">
    <ele>204.3</ele>
    <time>2025-09-06T09:39:28Z</time>
    <extensions>
     <gpxtpx:TrackPointExtension>
      <gpxtpx:cad>79</gpxtpx:cad>
     </gpxtpx:TrackPointExtension>
    </extensions>
   </trkpt>
   <trkpt lat="50.0607950" lon="19.9178300">
    <ele>204.2</ele>
    <time>2025-09-06T09:39:29Z</time>
    <extensions>
     <gpxtpx:TrackPointExtension>
      <gpxtpx:cad>80</gpxtpx:cad>
     </gpxtpx:TrackPointExtension>
    </extensions>
   </trkpt>
   <trkpt lat="50.0608310" lon="19.9178230">
    <ele>204.2</ele>
    <time>2025-09-06T09:39:30Z</time>
    <extensions>
     <gpxtpx:TrackPointExtension>
      <gpxtpx:cad>80</gpxtpx:cad>
     </gpxtpx:TrackPointExtension>
    </extensions>
   </trkpt>
   <trkpt lat="50.0608460" lon="19.9178220">
    <ele>204.2</ele>
    <time>2025-09-06T09:39:31Z</time>
    <extensions>
     <gpxtpx:TrackPointExtension>
      <gpxtpx:cad>78</gpxtpx:cad>
     </gpxtpx:TrackPointExtension>
    </extensions>
   </trkpt>
   <trkpt lat="50.0608750" lon="19.9178200">
    <ele>204.2</ele>
    <time>2025-09-06T09:39:32Z</time>
    <extensions>
     <gpxtpx:TrackPointExtension>
      <gpxtpx:cad>78</gpxtpx:cad>
     </gpxtpx:TrackPointExtension>
    </extensions>
   </trkpt>
   <trkpt lat="50.0609090" lon="19.9178120">
    <ele>204.2</ele>
    <time>2025-09-06T09:39:33Z</time>
    <extensions>
     <gpxtpx:TrackPointExtension>
      <gpxtpx:cad>80</gpxtpx:cad>
     </gpxtpx:TrackPointExtension>
    </extensions>
   </trkpt>
   <trkpt lat="50.0609240" lon="19.9178080">
    <ele>204.2</ele>
    <time>2025-09-06T09:39:34Z</time>
    <extensions>
     <gpxtpx:TrackPointExtension>
      <gpxtpx:cad>80</gpxtpx:cad>
     </gpxtpx:TrackPointExtension>
    </extensions>
   </trkpt>
   <trkpt lat="50.0609560" lon="19.9178010">
    <ele>204.2</ele>
    <time>2025-09-06T09:39:35Z</time>
    <extensions>
     <gpxtpx:TrackPointExtension>
      <gpxtpx:cad>78</gpxtpx:cad>
     </gpxtpx:TrackPointExtension>
    </extensions>
   </trkpt>
   <trkpt lat="50.0609650" lon="19.9177980">
    <ele>204.2</ele>
    <time>2025-09-06T09:39:36Z</time>
    <extensions>
     <gpxtpx:TrackPointExtension>
      <gpxtpx:cad>78</gpxtpx:cad>
     </gpxtpx:TrackPointExtension>
    </extensions>
   </trkpt>
   <trkpt lat="50.0609780" lon="19.9178020">
    <ele>204.2</ele>
    <time>2025-09-06T09:39:37Z</time>
    <extensions>
     <gpxtpx:TrackPointExtension>
      <gpxtpx:cad>78</gpxtpx:cad>
     </gpxtpx:TrackPointExtension>
    </extensions>
   </trkpt>
   <trkpt lat="50.0609900" lon="19.9177820">
    <ele>204.2</ele>
    <time>2025-09-06T09:39:38Z</time>
    <extensions>
     <gpxtpx:TrackPointExtension>
      <gpxtpx:cad>78</gpxtpx:cad>
     </gpxtpx:TrackPointExtension>
    </extensions>
   </trkpt>
   <trkpt lat="50.0610220" lon="19.9177560">
    <ele>204.2</ele>
    <time>2025-09-06T09:39:39Z</time>
    <extensions>
     <gpxtpx:TrackPointExtension>
      <gpxtpx:cad>79</gpxtpx:cad>
     </gpxtpx:TrackPointExtension>
    </extensions>
   </trkpt>
   <trkpt lat="50.0610530" lon="19.9177460">
    <ele>204.2</ele>
    <time>2025-09-06T09:39:40Z</time>
    <extensions>
     <gpxtpx:TrackPointExtension>
      <gpxtpx:cad>79</gpxtpx:cad>
     </gpxtpx:TrackPointExtension>
    </extensions>
   </trkpt>
   <trkpt lat="50.0610880" lon="19.9177500">
    <ele>204.2</ele>
    <time>2025-09-06T09:39:41Z</time>
    <extensions>
     <gpxtpx:TrackPointExtension>
      <gpxtpx:cad>78</gpxtpx:cad>
     </gpxtpx:TrackPointExtension>
    </extensions>
   </trkpt>
   <trkpt lat="50.0611210" lon="19.9177540">
    <ele>204.2</ele>
    <time>2025-09-06T09:39:42Z</time>
    <extensions>
     <gpxtpx:TrackPointExtension>
      <gpxtpx:cad>78</gpxtpx:cad>
     </gpxtpx:TrackPointExtension>
    </extensions>
   </trkpt>
   <trkpt lat="50.0611480" lon="19.9177590">
    <ele>204.2</ele>
    <time>2025-09-06T09:39:43Z</time>
    <extensions>
     <gpxtpx:TrackPointExtension>
      <gpxtpx:cad>79</gpxtpx:cad>
     </gpxtpx:TrackPointExtension>
    </extensions>
   </trkpt>
   <trkpt lat="50.0611880" lon="19.9177670">
    <ele>204.2</ele>
    <time>2025-09-06T09:39:44Z</time>
    <extensions>
     <gpxtpx:TrackPointExtension>
      <gpxtpx:cad>79</gpxtpx:cad>
     </gpxtpx:TrackPointExtension>
    </extensions>
   </trkpt>
   <trkpt lat="50.0612010" lon="19.9177700">
    <ele>204.2</ele>
    <time>2025-09-06T09:39:45Z</time>
    <extensions>
     <gpxtpx:TrackPointExtension>
      <gpxtpx:cad>78</gpxtpx:cad>
     </gpxtpx:TrackPointExtension>
    </extensions>
   </trkpt>
   <trkpt lat="50.0612350" lon="19.9177730">
    <ele>204.2</ele>
    <time>2025-09-06T09:39:46Z</time>
    <extensions>
     <gpxtpx:TrackPointExtension>
      <gpxtpx:cad>78</gpxtpx:cad>
     </gpxtpx:TrackPointExtension>
    </extensions>
   </trkpt>
   <trkpt lat="50.0612490" lon="19.9177730">
    <ele>204.2</ele>
    <time>2025-09-06T09:39:47Z</time>
    <extensions>
     <gpxtpx:TrackPointExtension>
      <gpxtpx:cad>77</gpxtpx:cad>
     </gpxtpx:TrackPointExtension>
    </extensions>
   </trkpt>
   <trkpt lat="50.0612810" lon="19.9177660">
    <ele>204.2</ele>
    <time>2025-09-06T09:39:48Z</time>
    <extensions>
     <gpxtpx:TrackPointExtension>
      <gpxtpx:cad>77</gpxtpx:cad>
     </gpxtpx:TrackPointExtension>
    </extensions>
   </trkpt>
   <trkpt lat="50.0612940" lon="19.9177630">
    <ele>204.2</ele>
    <time>2025-09-06T09:39:49Z</time>
    <extensions>
     <gpxtpx:TrackPointExtension>
      <gpxtpx:cad>79</gpxtpx:cad>
     </gpxtpx:TrackPointExtension>
    </extensions>
   </trkpt>
   <trkpt lat="50.0613210" lon="19.9177600">
    <ele>204.2</ele>
    <time>2025-09-06T09:39:50Z</time>
    <extensions>
     <gpxtpx:TrackPointExtension>
      <gpxtpx:cad>79</gpxtpx:cad>
     </gpxtpx:TrackPointExtension>
    </extensions>
   </trkpt>
   <trkpt lat="50.0613530" lon="19.9177560">
    <ele>204.2</ele>
    <time>2025-09-06T09:39:51Z</time>
    <extensions>
     <gpxtpx:TrackPointExtension>
      <gpxtpx:cad>78</gpxtpx:cad>
     </gpxtpx:TrackPointExtension>
    </extensions>
   </trkpt>
   <trkpt lat="50.0613670" lon="19.9177540">
    <ele>204.2</ele>
    <time>2025-09-06T09:39:52Z</time>
    <extensions>
     <gpxtpx:TrackPointExtension>
      <gpxtpx:cad>78</gpxtpx:cad>
     </gpxtpx:TrackPointExtension>
    </extensions>
   </trkpt>
   <trkpt lat="50.0613980" lon="19.9177610">
    <ele>204.2</ele>
    <time>2025-09-06T09:39:53Z</time>
    <extensions>
     <gpxtpx:TrackPointExtension>
      <gpxtpx:cad>79</gpxtpx:cad>
     </gpxtpx:TrackPointExtension>
    </extensions>
   </trkpt>
   <trkpt lat="50.0614110" lon="19.9177670">
    <ele>204.2</ele>
    <time>2025-09-06T09:39:54Z</time>
    <extensions>
     <gpxtpx:TrackPointExtension>
      <gpxtpx:cad>79</gpxtpx:cad>
     </gpxtpx:TrackPointExtension>
    </extensions>
   </trkpt>
   <trkpt lat="50.0614460" lon="19.9177580">
    <ele>204.2</ele>
    <time>2025-09-06T09:39:55Z</time>
    <extensions>
     <gpxtpx:TrackPointExtension>
      <gpxtpx:cad>79</gpxtpx:cad>
     </gpxtpx:TrackPointExtension>
    </extensions>
   </trkpt>
   <trkpt lat="50.0614570" lon="19.9177500">
    <ele>204.2</ele>
    <time>2025-09-06T09:39:56Z</time>
    <extensions>
     <gpxtpx:TrackPointExtension>
      <gpxtpx:cad>79</gpxtpx:cad>
     </gpxtpx:TrackPointExtension>
    </extensions>
   </trkpt>
   <trkpt lat="50.0614740" lon="19.9177450">
    <ele>204.2</ele>
    <time>2025-09-06T09:39:57Z</time>
    <extensions>
     <gpxtpx:TrackPointExtension>
      <gpxtpx:cad>78</gpxtpx:cad>
     </gpxtpx:TrackPointExtension>
    </extensions>
   </trkpt>
   <trkpt lat="50.0614860" lon="19.9177420">
    <ele>204.2</ele>
    <time>2025-09-06T09:39:58Z</time>
    <extensions>
     <gpxtpx:TrackPointExtension>
      <gpxtpx:cad>78</gpxtpx:cad>
     </gpxtpx:TrackPointExtension>
    </extensions>
   </trkpt>
   <trkpt lat="50.0615140" lon="19.9177070">
    <ele>204.2</ele>
    <time>2025-09-06T09:39:59Z</time>
    <extensions>
     <gpxtpx:TrackPointExtension>
      <gpxtpx:cad>78</gpxtpx:cad>
     </gpxtpx:TrackPointExtension>
    </extensions>
   </trkpt>
   <trkpt lat="50.0615500" lon="19.9176820">
    <ele>204.3</ele>
    <time>2025-09-06T09:40:00Z</time>
    <extensions>
     <gpxtpx:TrackPointExtension>
      <gpxtpx:cad>78</gpxtpx:cad>
     </gpxtpx:TrackPointExtension>
    </extensions>
   </trkpt>
   <trkpt lat="50.0615800" lon="19.9176690">
    <ele>204.3</ele>
    <time>2025-09-06T09:40:01Z</time>
    <extensions>
     <gpxtpx:TrackPointExtension>
      <gpxtpx:cad>77</gpxtpx:cad>
     </gpxtpx:TrackPointExtension>
    </extensions>
   </trkpt>
   <trkpt lat="50.0616120" lon="19.9176620">
    <ele>204.3</ele>
    <time>2025-09-06T09:40:02Z</time>
    <extensions>
     <gpxtpx:TrackPointExtension>
      <gpxtpx:cad>77</gpxtpx:cad>
     </gpxtpx:TrackPointExtension>
    </extensions>
   </trkpt>
   <trkpt lat="50.0616340" lon="19.9176590">
    <ele>204.3</ele>
    <time>2025-09-06T09:40:03Z</time>
    <extensions>
     <gpxtpx:TrackPointExtension>
      <gpxtpx:cad>77</gpxtpx:cad>
     </gpxtpx:TrackPointExtension>
    </extensions>
   </trkpt>
   <trkpt lat="50.0616480" lon="19.9176680">
    <ele>204.3</ele>
    <time>2025-09-06T09:40:04Z</time>
    <extensions>
     <gpxtpx:TrackPointExtension>
      <gpxtpx:cad>77</gpxtpx:cad>
     </gpxtpx:TrackPointExtension>
    </extensions>
   </trkpt>
   <trkpt lat="50.0616820" lon="19.9176710">
    <ele>204.3</ele>
    <time>2025-09-06T09:40:05Z</time>
    <extensions>
     <gpxtpx:TrackPointExtension>
      <gpxtpx:cad>77</gpxtpx:cad>
     </gpxtpx:TrackPointExtension>
    </extensions>
   </trkpt>
   <trkpt lat="50.0617230" lon="19.9176690">
    <ele>204.3</ele>
    <time>2025-09-06T09:40:06Z</time>
    <extensions>
     <gpxtpx:TrackPointExtension>
      <gpxtpx:cad>77</gpxtpx:cad>
     </gpxtpx:TrackPointExtension>
    </extensions>
   </trkpt>
   <trkpt lat="50.0617410" lon="19.9176680">
    <ele>204.3</ele>
    <time>2025-09-06T09:40:07Z</time>
    <extensions>
     <gpxtpx:TrackPointExtension>
      <gpxtpx:cad>77</gpxtpx:cad>
     </gpxtpx:TrackPointExtension>
    </extensions>
   </trkpt>
   <trkpt lat="50.0617680" lon="19.9176740">
    <ele>204.3</ele>
    <time>2025-09-06T09:40:08Z</time>
    <extensions>
     <gpxtpx:TrackPointExtension>
      <gpxtpx:cad>77</gpxtpx:cad>
     </gpxtpx:TrackPointExtension>
    </extensions>
   </trkpt>
   <trkpt lat="50.0617980" lon="19.9176720">
    <ele>204.3</ele>
    <time>2025-09-06T09:40:09Z</time>
    <extensions>
     <gpxtpx:TrackPointExtension>
      <gpxtpx:cad>79</gpxtpx:cad>
     </gpxtpx:TrackPointExtension>
    </extensions>
   </trkpt>
   <trkpt lat="50.0618300" lon="19.9176670">
    <ele>204.3</ele>
    <time>2025-09-06T09:40:10Z</time>
    <extensions>
     <gpxtpx:TrackPointExtension>
      <gpxtpx:cad>79</gpxtpx:cad>
     </gpxtpx:TrackPointExtension>
    </extensions>
   </trkpt>
   <trkpt lat="50.0618580" lon="19.9176680">
    <ele>204.3</ele>
    <time>2025-09-06T09:40:11Z</time>
    <extensions>
     <gpxtpx:TrackPointExtension>
      <gpxtpx:cad>78</gpxtpx:cad>
     </gpxtpx:TrackPointExtension>
    </extensions>
   </trkpt>
   <trkpt lat="50.0618670" lon="19.9176740">
    <ele>204.3</ele>
    <time>2025-09-06T09:40:12Z</time>
    <extensions>
     <gpxtpx:TrackPointExtension>
      <gpxtpx:cad>78</gpxtpx:cad>
     </gpxtpx:TrackPointExtension>
    </extensions>
   </trkpt>
   <trkpt lat="50.0618850" lon="19.9176270">
    <ele>204.3</ele>
    <time>2025-09-06T09:40:13Z</time>
    <extensions>
     <gpxtpx:TrackPointExtension>
      <gpxtpx:cad>77</gpxtpx:cad>
     </gpxtpx:TrackPointExtension>
    </extensions>
   </trkpt>
   <trkpt lat="50.0618890" lon="19.9176060">
    <ele>204.3</ele>
    <time>2025-09-06T09:40:14Z</time>
    <extensions>
     <gpxtpx:TrackPointExtension>
      <gpxtpx:cad>77</gpxtpx:cad>
     </gpxtpx:TrackPointExtension>
    </extensions>
   </trkpt>
   <trkpt lat="50.0618790" lon="19.9176000">
    <ele>204.3</ele>
    <time>2025-09-06T09:40:15Z</time>
    <extensions>
     <gpxtpx:TrackPointExtension>
      <gpxtpx:cad>76</gpxtpx:cad>
     </gpxtpx:TrackPointExtension>
    </extensions>
   </trkpt>
   <trkpt lat="50.0618850" lon="19.9176150">
    <ele>204.3</ele>
    <time>2025-09-06T09:40:16Z</time>
    <extensions>
     <gpxtpx:TrackPointExtension>
      <gpxtpx:cad>76</gpxtpx:cad>
     </gpxtpx:TrackPointExtension>
    </extensions>
   </trkpt>
   <trkpt lat="50.0618900" lon="19.9176340">
    <ele>204.3</ele>
    <time>2025-09-06T09:40:17Z</time>
    <extensions>
     <gpxtpx:TrackPointExtension>
      <gpxtpx:cad>80</gpxtpx:cad>
     </gpxtpx:TrackPointExtension>
    </extensions>
   </trkpt>
   <trkpt lat="50.0618710" lon="19.9176510">
    <ele>204.3</ele>
    <time>2025-09-06T09:40:18Z</time>
    <extensions>
     <gpxtpx:TrackPointExtension>
      <gpxtpx:cad>80</gpxtpx:cad>
     </gpxtpx:TrackPointExtension>
    </extensions>
   </trkpt>
   <trkpt lat="50.0618440" lon="19.9176520">
    <ele>204.3</ele>
    <time>2025-09-06T09:40:19Z</time>
    <extensions>
     <gpxtpx:TrackPointExtension>
      <gpxtpx:cad>79</gpxtpx:cad>
     </gpxtpx:TrackPointExtension>
    </extensions>
   </trkpt>
   <trkpt lat="50.0617960" lon="19.9176470">
    <ele>204.3</ele>
    <time>2025-09-06T09:40:20Z</time>
    <extensions>
     <gpxtpx:TrackPointExtension>
      <gpxtpx:cad>79</gpxtpx:cad>
     </gpxtpx:TrackPointExtension>
    </extensions>
   </trkpt>
   <trkpt lat="50.0617690" lon="19.9176400">
    <ele>204.3</ele>
    <time>2025-09-06T09:40:21Z</time>
    <extensions>
     <gpxtpx:TrackPointExtension>
      <gpxtpx:cad>77</gpxtpx:cad>
     </gpxtpx:TrackPointExtension>
    </extensions>
   </trkpt>
   <trkpt lat="50.0617370" lon="19.9176350">
    <ele>204.3</ele>
    <time>2025-09-06T09:40:22Z</time>
    <extensions>
     <gpxtpx:TrackPointExtension>
      <gpxtpx:cad>77</gpxtpx:cad>
     </gpxtpx:TrackPointExtension>
    </extensions>
   </trkpt>
   <trkpt lat="50.0617080" lon="19.9176380">
    <ele>204.3</ele>
    <time>2025-09-06T09:40:23Z</time>
    <extensions>
     <gpxtpx:TrackPointExtension>
      <gpxtpx:cad>79</gpxtpx:cad>
     </gpxtpx:TrackPointExtension>
    </extensions>
   </trkpt>
   <trkpt lat="50.0616770" lon="19.9176430">
    <ele>204.3</ele>
    <time>2025-09-06T09:40:24Z</time>
    <extensions>
     <gpxtpx:TrackPointExtension>
      <gpxtpx:cad>79</gpxtpx:cad>
     </gpxtpx:TrackPointExtension>
    </extensions>
   </trkpt>
   <trkpt lat="50.0616630" lon="19.9176450">
    <ele>204.3</ele>
    <time>2025-09-06T09:40:25Z</time>
    <extensions>
     <gpxtpx:TrackPointExtension>
      <gpxtpx:cad>79</gpxtpx:cad>
     </gpxtpx:TrackPointExtension>
    </extensions>
   </trkpt>
   <trkpt lat="50.0616340" lon="19.9176540">
    <ele>204.3</ele>
    <time>2025-09-06T09:40:26Z</time>
    <extensions>
     <gpxtpx:TrackPointExtension>
      <gpxtpx:cad>79</gpxtpx:cad>
     </gpxtpx:TrackPointExtension>
    </extensions>
   </trkpt>
   <trkpt lat="50.0616040" lon="19.9176610">
    <ele>204.3</ele>
    <time>2025-09-06T09:40:27Z</time>
    <extensions>
     <gpxtpx:TrackPointExtension>
      <gpxtpx:cad>81</gpxtpx:cad>
     </gpxtpx:TrackPointExtension>
    </extensions>
   </trkpt>
   <trkpt lat="50.0615900" lon="19.9176640">
    <ele>204.3</ele>
    <time>2025-09-06T09:40:28Z</time>
    <extensions>
     <gpxtpx:TrackPointExtension>
      <gpxtpx:cad>81</gpxtpx:cad>
     </gpxtpx:TrackPointExtension>
    </extensions>
   </trkpt>
   <trkpt lat="50.0615620" lon="19.9176720">
    <ele>204.3</ele>
    <time>2025-09-06T09:40:29Z</time>
    <extensions>
     <gpxtpx:TrackPointExtension>
      <gpxtpx:cad>82</gpxtpx:cad>
     </gpxtpx:TrackPointExtension>
    </extensions>
   </trkpt>
   <trkpt lat="50.0615320" lon="19.9176800">
    <ele>204.3</ele>
    <time>2025-09-06T09:40:30Z</time>
    <extensions>
     <gpxtpx:TrackPointExtension>
      <gpxtpx:cad>82</gpxtpx:cad>
     </gpxtpx:TrackPointExtension>
    </extensions>
   </trkpt>
   <trkpt lat="50.0614980" lon="19.9176930">
    <ele>204.3</ele>
    <time>2025-09-06T09:40:31Z</time>
    <extensions>
     <gpxtpx:TrackPointExtension>
      <gpxtpx:cad>81</gpxtpx:cad>
     </gpxtpx:TrackPointExtension>
    </extensions>
   </trkpt>
   <trkpt lat="50.0614820" lon="19.9176970">
    <ele>204.3</ele>
    <time>2025-09-06T09:40:32Z</time>
    <extensions>
     <gpxtpx:TrackPointExtension>
      <gpxtpx:cad>81</gpxtpx:cad>
     </gpxtpx:TrackPointExtension>
    </extensions>
   </trkpt>
   <trkpt lat="50.0614530" lon="19.9177000">
    <ele>204.3</ele>
    <time>2025-09-06T09:40:33Z</time>
    <extensions>
     <gpxtpx:TrackPointExtension>
      <gpxtpx:cad>82</gpxtpx:cad>
     </gpxtpx:TrackPointExtension>
    </extensions>
   </trkpt>
   <trkpt lat="50.0614150" lon="19.9177030">
    <ele>204.3</ele>
    <time>2025-09-06T09:40:34Z</time>
    <extensions>
     <gpxtpx:TrackPointExtension>
      <gpxtpx:cad>82</gpxtpx:cad>
     </gpxtpx:TrackPointExtension>
    </extensions>
   </trkpt>
   <trkpt lat="50.0614010" lon="19.9177030">
    <ele>204.3</ele>
    <time>2025-09-06T09:40:35Z</time>
    <extensions>
     <gpxtpx:TrackPointExtension>
      <gpxtpx:cad>80</gpxtpx:cad>
     </gpxtpx:TrackPointExtension>
    </extensions>
   </trkpt>
   <trkpt lat="50.0613710" lon="19.9177030">
    <ele>204.3</ele>
    <time>2025-09-06T09:40:36Z</time>
    <extensions>
     <gpxtpx:TrackPointExtension>
      <gpxtpx:cad>80</gpxtpx:cad>
     </gpxtpx:TrackPointExtension>
    </extensions>
   </trkpt>
   <trkpt lat="50.0613310" lon="19.9177060">
    <ele>204.2</ele>
    <time>2025-09-06T09:40:37Z</time>
    <extensions>
     <gpxtpx:TrackPointExtension>
      <gpxtpx:cad>80</gpxtpx:cad>
     </gpxtpx:TrackPointExtension>
    </extensions>
   </trkpt>
   <trkpt lat="50.0613160" lon="19.9177070">
    <ele>204.2</ele>
    <time>2025-09-06T09:40:38Z</time>
    <extensions>
     <gpxtpx:TrackPointExtension>
      <gpxtpx:cad>80</gpxtpx:cad>
     </gpxtpx:TrackPointExtension>
    </extensions>
   </trkpt>
   <trkpt lat="50.0612860" lon="19.9177160">
    <ele>204.2</ele>
    <time>2025-09-06T09:40:39Z</time>
    <extensions>
     <gpxtpx:TrackPointExtension>
      <gpxtpx:cad>80</gpxtpx:cad>
     </gpxtpx:TrackPointExtension>
    </extensions>
   </trkpt>
   <trkpt lat="50.0612520" lon="19.9177300">
    <ele>204.2</ele>
    <time>2025-09-06T09:40:40Z</time>
    <extensions>
     <gpxtpx:TrackPointExtension>
      <gpxtpx:cad>80</gpxtpx:cad>
     </gpxtpx:TrackPointExtension>
    </extensions>
   </trkpt>
   <trkpt lat="50.0612150" lon="19.9177450">
    <ele>204.2</ele>
    <time>2025-09-06T09:40:41Z</time>
    <extensions>
     <gpxtpx:TrackPointExtension>
      <gpxtpx:cad>80</gpxtpx:cad>
     </gpxtpx:TrackPointExtension>
    </extensions>
   </trkpt>
   <trkpt lat="50.0611990" lon="19.9177500">
    <ele>204.2</ele>
    <time>2025-09-06T09:40:42Z</time>
    <extensions>
     <gpxtpx:TrackPointExtension>
      <gpxtpx:cad>80</gpxtpx:cad>
     </gpxtpx:TrackPointExtension>
    </extensions>
   </trkpt>
   <trkpt lat="50.0611660" lon="19.9177600">
    <ele>204.2</ele>
    <time>2025-09-06T09:40:43Z</time>
    <extensions>
     <gpxtpx:TrackPointExtension>
      <gpxtpx:cad>80</gpxtpx:cad>
     </gpxtpx:TrackPointExtension>
    </extensions>
   </trkpt>
   <trkpt lat="50.0611260" lon="19.9177750">
    <ele>204.2</ele>
    <time>2025-09-06T09:40:44Z</time>
    <extensions>
     <gpxtpx:TrackPointExtension>
      <gpxtpx:cad>80</gpxtpx:cad>
     </gpxtpx:TrackPointExtension>
    </extensions>
   </trkpt>
   <trkpt lat="50.0611090" lon="19.9177810">
    <ele>204.2</ele>
    <time>2025-09-06T09:40:45Z</time>
    <extensions>
     <gpxtpx:TrackPointExtension>
      <gpxtpx:cad>80</gpxtpx:cad>
     </gpxtpx:TrackPointExtension>
    </extensions>
   </trkpt>
   <trkpt lat="50.0610750" lon="19.9177900">
    <ele>204.2</ele>
    <time>2025-09-06T09:40:46Z</time>
    <extensions>
     <gpxtpx:TrackPointExtension>
      <gpxtpx:cad>80</gpxtpx:cad>
     </gpxtpx:TrackPointExtension>
    </extensions>
   </trkpt>
   <trkpt lat="50.0610360" lon="19.9177920">
    <ele>204.2</ele>
    <time>2025-09-06T09:40:47Z</time>
    <extensions>
     <gpxtpx:TrackPointExtension>
      <gpxtpx:cad>79</gpxtpx:cad>
     </gpxtpx:TrackPointExtension>
    </extensions>
   </trkpt>
   <trkpt lat="50.0610200" lon="19.9177920">
    <ele>204.2</ele>
    <time>2025-09-06T09:40:48Z</time>
    <extensions>
     <gpxtpx:TrackPointExtension>
      <gpxtpx:cad>79</gpxtpx:cad>
     </gpxtpx:TrackPointExtension>
    </extensions>
   </trkpt>
   <trkpt lat="50.0609900" lon="19.9177890">
    <ele>204.2</ele>
    <time>2025-09-06T09:40:49Z</time>
    <extensions>
     <gpxtpx:TrackPointExtension>
      <gpxtpx:cad>79</gpxtpx:cad>
     </gpxtpx:TrackPointExtension>
    </extensions>
   </trkpt>
   <trkpt lat="50.0609640" lon="19.9177770">
    <ele>204.2</ele>
    <time>2025-09-06T09:40:50Z</time>
    <extensions>
     <gpxtpx:TrackPointExtension>
      <gpxtpx:cad>79</gpxtpx:cad>
     </gpxtpx:TrackPointExtension>
    </extensions>
   </trkpt>
   <trkpt lat="50.0609480" lon="19.9177700">
    <ele>204.2</ele>
    <time>2025-09-06T09:40:51Z</time>
    <extensions>
     <gpxtpx:TrackPointExtension>
      <gpxtpx:cad>80</gpxtpx:cad>
     </gpxtpx:TrackPointExtension>
    </extensions>
   </trkpt>
   <trkpt lat="50.0609090" lon="19.9177610">
    <ele>204.2</ele>
    <time>2025-09-06T09:40:52Z</time>
    <extensions>
     <gpxtpx:TrackPointExtension>
      <gpxtpx:cad>80</gpxtpx:cad>
     </gpxtpx:TrackPointExtension>
    </extensions>
   </trkpt>
   <trkpt lat="50.0608930" lon="19.9177610">
    <ele>204.2</ele>
    <time>2025-09-06T09:40:53Z</time>
    <extensions>
     <gpxtpx:TrackPointExtension>
      <gpxtpx:cad>84</gpxtpx:cad>
     </gpxtpx:TrackPointExtension>
    </extensions>
   </trkpt>
   <trkpt lat="50.0608600" lon="19.9177780">
    <ele>204.2</ele>
    <time>2025-09-06T09:40:54Z</time>
    <extensions>
     <gpxtpx:TrackPointExtension>
      <gpxtpx:cad>84</gpxtpx:cad>
     </gpxtpx:TrackPointExtension>
    </extensions>
   </trkpt>
   <trkpt lat="50.0608280" lon="19.9177990">
    <ele>204.2</ele>
    <time>2025-09-06T09:40:55Z</time>
    <extensions>
     <gpxtpx:TrackPointExtension>
      <gpxtpx:cad>79</gpxtpx:cad>
     </gpxtpx:TrackPointExtension>
    </extensions>
   </trkpt>
   <trkpt lat="50.0608040" lon="19.9178190">
    <ele>204.2</ele>
    <time>2025-09-06T09:40:56Z</time>
    <extensions>
     <gpxtpx:TrackPointExtension>
      <gpxtpx:cad>79</gpxtpx:cad>
     </gpxtpx:TrackPointExtension>
    </extensions>
   </trkpt>
   <trkpt lat="50.0607760" lon="19.9178350">
    <ele>204.2</ele>
    <time>2025-09-06T09:40:57Z</time>
    <extensions>
     <gpxtpx:TrackPointExtension>
      <gpxtpx:cad>78</gpxtpx:cad>
     </gpxtpx:TrackPointExtension>
    </extensions>
   </trkpt>
   <trkpt lat="50.0607470" lon="19.9178570">
    <ele>204.3</ele>
    <time>2025-09-06T09:40:58Z</time>
    <extensions>
     <gpxtpx:TrackPointExtension>
      <gpxtpx:cad>78</gpxtpx:cad>
     </gpxtpx:TrackPointExtension>
    </extensions>
   </trkpt>
   <trkpt lat="50.0607370" lon="19.9178650">
    <ele>204.3</ele>
    <time>2025-09-06T09:40:59Z</time>
    <extensions>
     <gpxtpx:TrackPointExtension>
      <gpxtpx:cad>76</gpxtpx:cad>
     </gpxtpx:TrackPointExtension>
    </extensions>
   </trkpt>
   <trkpt lat="50.0607030" lon="19.9178720">
    <ele>204.3</ele>
    <time>2025-09-06T09:41:00Z</time>
    <extensions>
     <gpxtpx:TrackPointExtension>
      <gpxtpx:cad>76</gpxtpx:cad>
     </gpxtpx:TrackPointExtension>
    </extensions>
   </trkpt>
   <trkpt lat="50.0606710" lon="19.9178710">
    <ele>204.3</ele>
    <time>2025-09-06T09:41:01Z</time>
    <extensions>
     <gpxtpx:TrackPointExtension>
      <gpxtpx:cad>79</gpxtpx:cad>
     </gpxtpx:TrackPointExtension>
    </extensions>
   </trkpt>
   <trkpt lat="50.0606440" lon="19.9178860">
    <ele>204.3</ele>
    <time>2025-09-06T09:41:02Z</time>
    <extensions>
     <gpxtpx:TrackPointExtension>
      <gpxtpx:cad>79</gpxtpx:cad>
     </gpxtpx:TrackPointExtension>
    </extensions>
   </trkpt>
   <trkpt lat="50.0606220" lon="19.9179120">
    <ele>204.3</ele>
    <time>2025-09-06T09:41:03Z</time>
    <extensions>
     <gpxtpx:TrackPointExtension>
      <gpxtpx:cad>79</gpxtpx:cad>
     </gpxtpx:TrackPointExtension>
    </extensions>
   </trkpt>
   <trkpt lat="50.0605810" lon="19.9179380">
    <ele>204.3</ele>
    <time>2025-09-06T09:41:04Z</time>
    <extensions>
     <gpxtpx:TrackPointExtension>
      <gpxtpx:cad>79</gpxtpx:cad>
     </gpxtpx:TrackPointExtension>
    </extensions>
   </trkpt>
   <trkpt lat="50.0605650" lon="19.9179520">
    <ele>204.3</ele>
    <time>2025-09-06T09:41:05Z</time>
    <extensions>
     <gpxtpx:TrackPointExtension>
      <gpxtpx:cad>81</gpxtpx:cad>
     </gpxtpx:TrackPointExtension>
    </extensions>
   </trkpt>
   <trkpt lat="50.0605330" lon="19.9179720">
    <ele>204.3</ele>
    <time>2025-09-06T09:41:06Z</time>
    <extensions>
     <gpxtpx:TrackPointExtension>
      <gpxtpx:cad>81</gpxtpx:cad>
     </gpxtpx:TrackPointExtension>
    </extensions>
   </trkpt>
   <trkpt lat="50.0605020" lon="19.9179820">
    <ele>204.3</ele>
    <time>2025-09-06T09:41:07Z</time>
    <extensions>
     <gpxtpx:TrackPointExtension>
      <gpxtpx:cad>81</gpxtpx:cad>
     </gpxtpx:TrackPointExtension>
    </extensions>
   </trkpt>
   <trkpt lat="50.0604610" lon="19.9179740">
    <ele>204.3</ele>
    <time>2025-09-06T09:41:08Z</time>
    <extensions>
     <gpxtpx:TrackPointExtension>
      <gpxtpx:cad>81</gpxtpx:cad>
     </gpxtpx:TrackPointExtension>
    </extensions>
   </trkpt>
   <trkpt lat="50.0604420" lon="19.9179700">
    <ele>204.3</ele>
    <time>2025-09-06T09:41:09Z</time>
    <extensions>
     <gpxtpx:TrackPointExtension>
      <gpxtpx:cad>81</gpxtpx:cad>
     </gpxtpx:TrackPointExtension>
    </extensions>
   </trkpt>
   <trkpt lat="50.0604230" lon="19.9179670">
    <ele>204.3</ele>
    <time>2025-09-06T09:41:10Z</time>
    <extensions>
     <gpxtpx:TrackPointExtension>
      <gpxtpx:cad>81</gpxtpx:cad>
     </gpxtpx:TrackPointExtension>
    </extensions>
   </trkpt>
   <trkpt lat="50.0603950" lon="19.9179530">
    <ele>204.3</ele>
    <time>2025-09-06T09:41:11Z</time>
    <extensions>
     <gpxtpx:TrackPointExtension>
      <gpxtpx:cad>81</gpxtpx:cad>
     </gpxtpx:TrackPointExtension>
    </extensions>
   </trkpt>
   <trkpt lat="50.0603590" lon="19.9179320">
    <ele>204.2</ele>
    <time>2025-09-06T09:41:12Z</time>
    <extensions>
     <gpxtpx:TrackPointExtension>
      <gpxtpx:cad>81</gpxtpx:cad>
     </gpxtpx:TrackPointExtension>
    </extensions>
   </trkpt>
   <trkpt lat="50.0603250" lon="19.9179130">
    <ele>204.1</ele>
    <time>2025-09-06T09:41:13Z</time>
    <extensions>
     <gpxtpx:TrackPointExtension>
      <gpxtpx:cad>80</gpxtpx:cad>
     </gpxtpx:TrackPointExtension>
    </extensions>
   </trkpt>
   <trkpt lat="50.0602920" lon="19.9178980">
    <ele>204.0</ele>
    <time>2025-09-06T09:41:14Z</time>
    <extensions>
     <gpxtpx:TrackPointExtension>
      <gpxtpx:cad>80</gpxtpx:cad>
     </gpxtpx:TrackPointExtension>
    </extensions>
   </trkpt>
   <trkpt lat="50.0602490" lon="19.9178760">
    <ele>203.8</ele>
    <time>2025-09-06T09:41:15Z</time>
    <extensions>
     <gpxtpx:TrackPointExtension>
      <gpxtpx:cad>78</gpxtpx:cad>
     </gpxtpx:TrackPointExtension>
    </extensions>
   </trkpt>
   <trkpt lat="50.0602200" lon="19.9178400">
    <ele>203.7</ele>
    <time>2025-09-06T09:41:16Z</time>
    <extensions>
     <gpxtpx:TrackPointExtension>
      <gpxtpx:cad>78</gpxtpx:cad>
     </gpxtpx:TrackPointExtension>
    </extensions>
   </trkpt>
   <trkpt lat="50.0602090" lon="19.9177810">
    <ele>203.5</ele>
    <time>2025-09-06T09:41:17Z</time>
    <extensions>
     <gpxtpx:TrackPointExtension>
      <gpxtpx:cad>81</gpxtpx:cad>
     </gpxtpx:TrackPointExtension>
    </extensions>
   </trkpt>
   <trkpt lat="50.0602080" lon="19.9177560">
    <ele>203.4</ele>
    <time>2025-09-06T09:41:18Z</time>
    <extensions>
     <gpxtpx:TrackPointExtension>
      <gpxtpx:cad>81</gpxtpx:cad>
     </gpxtpx:TrackPointExtension>
    </extensions>
   </trkpt>
   <trkpt lat="50.0602060" lon="19.9177020">
    <ele>203.2</ele>
    <time>2025-09-06T09:41:19Z</time>
    <extensions>
     <gpxtpx:TrackPointExtension>
      <gpxtpx:cad>81</gpxtpx:cad>
     </gpxtpx:TrackPointExtension>
    </extensions>
   </trkpt>
   <trkpt lat="50.0602020" lon="19.9176520">
    <ele>203.2</ele>
    <time>2025-09-06T09:41:20Z</time>
    <extensions>
     <gpxtpx:TrackPointExtension>
      <gpxtpx:cad>81</gpxtpx:cad>
     </gpxtpx:TrackPointExtension>
    </extensions>
   </trkpt>
   <trkpt lat="50.0601980" lon="19.9176310">
    <ele>203.2</ele>
    <time>2025-09-06T09:41:21Z</time>
    <extensions>
     <gpxtpx:TrackPointExtension>
      <gpxtpx:cad>80</gpxtpx:cad>
     </gpxtpx:TrackPointExtension>
    </extensions>
   </trkpt>
   <trkpt lat="50.0601940" lon="19.9176010">
    <ele>203.2</ele>
    <time>2025-09-06T09:41:22Z</time>
    <extensions>
     <gpxtpx:TrackPointExtension>
      <gpxtpx:cad>80</gpxtpx:cad>
     </gpxtpx:TrackPointExtension>
    </extensions>
   </trkpt>
   <trkpt lat="50.0601960" lon="19.9175250">
    <ele>203.2</ele>
    <time>2025-09-06T09:41:23Z</time>
    <extensions>
     <gpxtpx:TrackPointExtension>
      <gpxtpx:cad>84</gpxtpx:cad>
     </gpxtpx:TrackPointExtension>
    </extensions>
   </trkpt>
   <trkpt lat="50.0602090" lon="19.9174510">
    <ele>203.2</ele>
    <time>2025-09-06T09:41:24Z</time>
    <extensions>
     <gpxtpx:TrackPointExtension>
      <gpxtpx:cad>84</gpxtpx:cad>
     </gpxtpx:TrackPointExtension>
    </extensions>
   </trkpt>
   <trkpt lat="50.0602220" lon="19.9173770">
    <ele>203.3</ele>
    <time>2025-09-06T09:41:25Z</time>
    <extensions>
     <gpxtpx:TrackPointExtension>
      <gpxtpx:cad>84</gpxtpx:cad>
     </gpxtpx:TrackPointExtension>
    </extensions>
   </trkpt>
   <trkpt lat="50.0602260" lon="19.9173200">
    <ele>203.3</ele>
    <time>2025-09-06T09:41:26Z</time>
    <extensions>
     <gpxtpx:TrackPointExtension>
      <gpxtpx:cad>84</gpxtpx:cad>
     </gpxtpx:TrackPointExtension>
    </extensions>
   </trkpt>
   <trkpt lat="50.0602240" lon="19.9172430">
    <ele>203.3</ele>
    <time>2025-09-06T09:41:27Z</time>
    <extensions>
     <gpxtpx:TrackPointExtension>
      <gpxtpx:cad>85</gpxtpx:cad>
     </gpxtpx:TrackPointExtension>
    </extensions>
   </trkpt>
   <trkpt lat="50.0602250" lon="19.9171890">
    <ele>203.3</ele>
    <time>2025-09-06T09:41:28Z</time>
    <extensions>
     <gpxtpx:TrackPointExtension>
      <gpxtpx:cad>85</gpxtpx:cad>
     </gpxtpx:TrackPointExtension>
    </extensions>
   </trkpt>
   <trkpt lat="50.0602310" lon="19.9171330">
    <ele>203.3</ele>
    <time>2025-09-06T09:41:29Z</time>
    <extensions>
     <gpxtpx:TrackPointExtension>
      <gpxtpx:cad>86</gpxtpx:cad>
     </gpxtpx:TrackPointExtension>
    </extensions>
   </trkpt>
   <trkpt lat="50.0602420" lon="19.9170870">
    <ele>203.3</ele>
    <time>2025-09-06T09:41:30Z</time>
    <extensions>
     <gpxtpx:TrackPointExtension>
      <gpxtpx:cad>86</gpxtpx:cad>
     </gpxtpx:TrackPointExtension>
    </extensions>
   </trkpt>
   <trkpt lat="50.0602610" lon="19.9170280">
    <ele>203.3</ele>
    <time>2025-09-06T09:41:31Z</time>
    <extensions>
     <gpxtpx:TrackPointExtension>
      <gpxtpx:cad>85</gpxtpx:cad>
     </gpxtpx:TrackPointExtension>
    </extensions>
   </trkpt>
   <trkpt lat="50.0602820" lon="19.9169710">
    <ele>203.3</ele>
    <time>2025-09-06T09:41:32Z</time>
    <extensions>
     <gpxtpx:TrackPointExtension>
      <gpxtpx:cad>85</gpxtpx:cad>
     </gpxtpx:TrackPointExtension>
    </extensions>
   </trkpt>
   <trkpt lat="50.0603050" lon="19.9168970">
    <ele>203.3</ele>
    <time>2025-09-06T09:41:33Z</time>
    <extensions>
     <gpxtpx:TrackPointExtension>
      <gpxtpx:cad>87</gpxtpx:cad>
     </gpxtpx:TrackPointExtension>
    </extensions>
   </trkpt>
   <trkpt lat="50.0603200" lon="19.9168390">
    <ele>203.3</ele>
    <time>2025-09-06T09:41:34Z</time>
    <extensions>
     <gpxtpx:TrackPointExtension>
      <gpxtpx:cad>87</gpxtpx:cad>
     </gpxtpx:TrackPointExtension>
    </extensions>
   </trkpt>
   <trkpt lat="50.0603340" lon="19.9167860">
    <ele>203.3</ele>
    <time>2025-09-06T09:41:35Z</time>
    <extensions>
     <gpxtpx:TrackPointExtension>
      <gpxtpx:cad>88</gpxtpx:cad>
     </gpxtpx:TrackPointExtension>
    </extensions>
   </trkpt>
   <trkpt lat="50.0603520" lon="19.9167270">
    <ele>203.3</ele>
    <time>2025-09-06T09:41:36Z</time>
    <extensions>
     <gpxtpx:TrackPointExtension>
      <gpxtpx:cad>88</gpxtpx:cad>
     </gpxtpx:TrackPointExtension>
    </extensions>
   </trkpt>
   <trkpt lat="50.0603640" lon="19.9166650">
    <ele>203.3</ele>
    <time>2025-09-06T09:41:37Z</time>
    <extensions>
     <gpxtpx:TrackPointExtension>
      <gpxtpx:cad>88</gpxtpx:cad>
     </gpxtpx:TrackPointExtension>
    </extensions>
   </trkpt>
   <trkpt lat="50.0603740" lon="19.9166000">
    <ele>203.3</ele>
    <time>2025-09-06T09:41:38Z</time>
    <extensions>
     <gpxtpx:TrackPointExtension>
      <gpxtpx:cad>88</gpxtpx:cad>
     </gpxtpx:TrackPointExtension>
    </extensions>
   </trkpt>
   <trkpt lat="50.0603880" lon="19.9165390">
    <ele>203.3</ele>
    <time>2025-09-06T09:41:39Z</time>
    <extensions>
     <gpxtpx:TrackPointExtension>
      <gpxtpx:cad>85</gpxtpx:cad>
     </gpxtpx:TrackPointExtension>
    </extensions>
   </trkpt>
   <trkpt lat="50.0604070" lon="19.9164560">
    <ele>203.3</ele>
    <time>2025-09-06T09:41:40Z</time>
    <extensions>
     <gpxtpx:TrackPointExtension>
      <gpxtpx:cad>85</gpxtpx:cad>
     </gpxtpx:TrackPointExtension>
    </extensions>
   </trkpt>
   <trkpt lat="50.0604130" lon="19.9164090">
    <ele>203.3</ele>
    <time>2025-09-06T09:41:41Z</time>
    <extensions>
     <gpxtpx:TrackPointExtension>
      <gpxtpx:cad>87</gpxtpx:cad>
     </gpxtpx:TrackPointExtension>
    </extensions>
   </trkpt>
   <trkpt lat="50.0604100" lon="19.9163330">
    <ele>203.3</ele>
    <time>2025-09-06T09:41:42Z</time>
    <extensions>
     <gpxtpx:TrackPointExtension>
      <gpxtpx:cad>87</gpxtpx:cad>
     </gpxtpx:TrackPointExtension>
    </extensions>
   </trkpt>
   <trkpt lat="50.0604030" lon="19.9162620">
    <ele>203.3</ele>
    <time>2025-09-06T09:41:43Z</time>
    <extensions>
     <gpxtpx:TrackPointExtension>
      <gpxtpx:cad>75</gpxtpx:cad>
     </gpxtpx:TrackPointExtension>
    </extensions>
   </trkpt>
   <trkpt lat="50.0603980" lon="19.9161970">
    <ele>203.3</ele>
    <time>2025-09-06T09:41:44Z</time>
    <extensions>
     <gpxtpx:TrackPointExtension>
      <gpxtpx:cad>75</gpxtpx:cad>
     </gpxtpx:TrackPointExtension>
    </extensions>
   </trkpt>
   <trkpt lat="50.0603970" lon="19.9161220">
    <ele>203.3</ele>
    <time>2025-09-06T09:41:45Z</time>
    <extensions>
     <gpxtpx:TrackPointExtension>
      <gpxtpx:cad>86</gpxtpx:cad>
     </gpxtpx:TrackPointExtension>
    </extensions>
   </trkpt>
   <trkpt lat="50.0603990" lon="19.9160670">
    <ele>203.3</ele>
    <time>2025-09-06T09:41:46Z</time>
    <extensions>
     <gpxtpx:TrackPointExtension>
      <gpxtpx:cad>86</gpxtpx:cad>
     </gpxtpx:TrackPointExtension>
    </extensions>
   </trkpt>
   <trkpt lat="50.0604030" lon="19.9159930">
    <ele>203.2</ele>
    <time>2025-09-06T09:41:47Z</time>
    <extensions>
     <gpxtpx:TrackPointExtension>
      <gpxtpx:cad>89</gpxtpx:cad>
     </gpxtpx:TrackPointExtension>
    </extensions>
   </trkpt>
   <trkpt lat="50.0604040" lon="19.9159360">
    <ele>203.2</ele>
    <time>2025-09-06T09:41:48Z</time>
    <extensions>
     <gpxtpx:TrackPointExtension>
      <gpxtpx:cad>89</gpxtpx:cad>
     </gpxtpx:TrackPointExtension>
    </extensions>
   </trkpt>
   <trkpt lat="50.0604120" lon="19.9158740">
    <ele>203.2</ele>
    <time>2025-09-06T09:41:49Z</time>
    <extensions>
     <gpxtpx:TrackPointExtension>
      <gpxtpx:cad>87</gpxtpx:cad>
     </gpxtpx:TrackPointExtension>
    </extensions>
   </trkpt>
   <trkpt lat="50.0604240" lon="19.9158030">
    <ele>203.2</ele>
    <time>2025-09-06T09:41:50Z</time>
    <extensions>
     <gpxtpx:TrackPointExtension>
      <gpxtpx:cad>87</gpxtpx:cad>
     </gpxtpx:TrackPointExtension>
    </extensions>
   </trkpt>
   <trkpt lat="50.0604630" lon="19.9157570">
    <ele>203.2</ele>
    <time>2025-09-06T09:41:51Z</time>
    <extensions>
     <gpxtpx:TrackPointExtension>
      <gpxtpx:cad>88</gpxtpx:cad>
     </gpxtpx:TrackPointExtension>
    </extensions>
   </trkpt>
   <trkpt lat="50.0604810" lon="19.9157310">
    <ele>203.2</ele>
    <time>2025-09-06T09:41:52Z</time>
    <extensions>
     <gpxtpx:TrackPointExtension>
      <gpxtpx:cad>88</gpxtpx:cad>
     </gpxtpx:TrackPointExtension>
    </extensions>
   </trkpt>
   <trkpt lat="50.0605100" lon="19.9156420">
    <ele>203.2</ele>
    <time>2025-09-06T09:41:53Z</time>
    <extensions>
     <gpxtpx:TrackPointExtension>
      <gpxtpx:cad>87</gpxtpx:cad>
     </gpxtpx:TrackPointExtension>
    </extensions>
   </trkpt>
   <trkpt lat="50.0605270" lon="19.9155750">
    <ele>203.2</ele>
    <time>2025-09-06T09:41:54Z</time>
    <extensions>
     <gpxtpx:TrackPointExtension>
      <gpxtpx:cad>87</gpxtpx:cad>
     </gpxtpx:TrackPointExtension>
    </extensions>
   </trkpt>
   <trkpt lat="50.0605400" lon="19.9155100">
    <ele>203.2</ele>
    <time>2025-09-06T09:41:55Z</time>
    <extensions>
     <gpxtpx:TrackPointExtension>
      <gpxtpx:cad>87</gpxtpx:cad>
     </gpxtpx:TrackPointExtension>
    </extensions>
   </trkpt>
   <trkpt lat="50.0605470" lon="19.9154570">
    <ele>203.2</ele>
    <time>2025-09-06T09:41:56Z</time>
    <extensions>
     <gpxtpx:TrackPointExtension>
      <gpxtpx:cad>87</gpxtpx:cad>
     </gpxtpx:TrackPointExtension>
    </extensions>
   </trkpt>
   <trkpt lat="50.0605640" lon="19.9153830">
    <ele>203.2</ele>
    <time>2025-09-06T09:41:57Z</time>
    <extensions>
     <gpxtpx:TrackPointExtension>
      <gpxtpx:cad>88</gpxtpx:cad>
     </gpxtpx:TrackPointExtension>
    </extensions>
   </trkpt>
   <trkpt lat="50.0605760" lon="19.9153360">
    <ele>203.2</ele>
    <time>2025-09-06T09:41:58Z</time>
    <extensions>
     <gpxtpx:TrackPointExtension>
      <gpxtpx:cad>88</gpxtpx:cad>
     </gpxtpx:TrackPointExtension>
    </extensions>
   </trkpt>
   <trkpt lat="50.0605910" lon="19.9152580">
    <ele>203.2</ele>
    <time>2025-09-06T09:41:59Z</time>
    <extensions>
     <gpxtpx:TrackPointExtension>
      <gpxtpx:cad>89</gpxtpx:cad>
     </gpxtpx:TrackPointExtension>
    </extensions>
   </trkpt>
   <trkpt lat="50.0605990" lon="19.9152030">
    <ele>203.2</ele>
    <time>2025-09-06T09:42:00Z</time>
    <extensions>
     <gpxtpx:TrackPointExtension>
      <gpxtpx:cad>89</gpxtpx:cad>
     </gpxtpx:TrackPointExtension>
    </extensions>
   </trkpt>
   <trkpt lat="50.0606080" lon="19.9151440">
    <ele>203.2</ele>
    <time>2025-09-06T09:42:01Z</time>
    <extensions>
     <gpxtpx:TrackPointExtension>
      <gpxtpx:cad>89</gpxtpx:cad>
     </gpxtpx:TrackPointExtension>
    </extensions>
   </trkpt>
   <trkpt lat="50.0606130" lon="19.9150910">
    <ele>203.2</ele>
    <time>2025-09-06T09:42:02Z</time>
    <extensions>
     <gpxtpx:TrackPointExtension>
      <gpxtpx:cad>89</gpxtpx:cad>
     </gpxtpx:TrackPointExtension>
    </extensions>
   </trkpt>
   <trkpt lat="50.0606130" lon="19.9150330">
    <ele>203.2</ele>
    <time>2025-09-06T09:42:03Z</time>
    <extensions>
     <gpxtpx:TrackPointExtension>
      <gpxtpx:cad>66</gpxtpx:cad>
     </gpxtpx:TrackPointExtension>
    </extensions>
   </trkpt>
   <trkpt lat="50.0606090" lon="19.9149790">
    <ele>203.2</ele>
    <time>2025-09-06T09:42:04Z</time>
    <extensions>
     <gpxtpx:TrackPointExtension>
      <gpxtpx:cad>66</gpxtpx:cad>
     </gpxtpx:TrackPointExtension>
    </extensions>
   </trkpt>
   <trkpt lat="50.0606060" lon="19.9149110">
    <ele>203.2</ele>
    <time>2025-09-06T09:42:05Z</time>
    <extensions>
     <gpxtpx:TrackPointExtension>
      <gpxtpx:cad>57</gpxtpx:cad>
     </gpxtpx:TrackPointExtension>
    </extensions>
   </trkpt>
   <trkpt lat="50.0606080" lon="19.9148300">
    <ele>203.2</ele>
    <time>2025-09-06T09:42:06Z</time>
    <extensions>
     <gpxtpx:TrackPointExtension>
      <gpxtpx:cad>57</gpxtpx:cad>
     </gpxtpx:TrackPointExtension>
    </extensions>
   </trkpt>
   <trkpt lat="50.0606070" lon="19.9147880">
    <ele>203.2</ele>
    <time>2025-09-06T09:42:07Z</time>
    <extensions>
     <gpxtpx:TrackPointExtension>
      <gpxtpx:cad>68</gpxtpx:cad>
     </gpxtpx:TrackPointExtension>
    </extensions>
   </trkpt>
   <trkpt lat="50.0606100" lon="19.9147180">
    <ele>203.2</ele>
    <time>2025-09-06T09:42:08Z</time>
    <extensions>
     <gpxtpx:TrackPointExtension>
      <gpxtpx:cad>68</gpxtpx:cad>
     </gpxtpx:TrackPointExtension>
    </extensions>
   </trkpt>
   <trkpt lat="50.0606150" lon="19.9146570">
    <ele>203.2</ele>
    <time>2025-09-06T09:42:09Z</time>
    <extensions>
     <gpxtpx:TrackPointExtension>
      <gpxtpx:cad>85</gpxtpx:cad>
     </gpxtpx:TrackPointExtension>
    </extensions>
   </trkpt>
   <trkpt lat="50.0606210" lon="19.9145760">
    <ele>203.2</ele>
    <time>2025-09-06T09:42:10Z</time>
    <extensions>
     <gpxtpx:TrackPointExtension>
      <gpxtpx:cad>85</gpxtpx:cad>
     </gpxtpx:TrackPointExtension>
    </extensions>
   </trkpt>
   <trkpt lat="50.0606310" lon="19.9145080">
    <ele>203.2</ele>
    <time>2025-09-06T09:42:11Z</time>
    <extensions>
     <gpxtpx:TrackPointExtension>
      <gpxtpx:cad>85</gpxtpx:cad>
     </gpxtpx:TrackPointExtension>
    </extensions>
   </trkpt>
   <trkpt lat="50.0606450" lon="19.9144220">
    <ele>203.3</ele>
    <time>2025-09-06T09:42:12Z</time>
    <extensions>
     <gpxtpx:TrackPointExtension>
      <gpxtpx:cad>85</gpxtpx:cad>
     </gpxtpx:TrackPointExtension>
    </extensions>
   </trkpt>
   <trkpt lat="50.0606530" lon="19.9143570">
    <ele>203.3</ele>
    <time>2025-09-06T09:42:13Z</time>
    <extensions>
     <gpxtpx:TrackPointExtension>
      <gpxtpx:cad>69</gpxtpx:cad>
     </gpxtpx:TrackPointExtension>
    </extensions>
   </trkpt>
   <trkpt lat="50.0606640" lon="19.9142660">
    <ele>203.3</ele>
    <time>2025-09-06T09:42:14Z</time>
    <extensions>
     <gpxtpx:TrackPointExtension>
      <gpxtpx:cad>69</gpxtpx:cad>
     </gpxtpx:TrackPointExtension>
    </extensions>
   </trkpt>
   <trkpt lat="50.0606870" lon="19.9141520">
    <ele>203.3</ele>
    <time>2025-09-06T09:42:15Z</time>
    <extensions>
     <gpxtpx:TrackPointExtension>
      <gpxtpx:cad>88</gpxtpx:cad>
     </gpxtpx:TrackPointExtension>
    </extensions>
   </trkpt>
   <trkpt lat="50.0607090" lon="19.9140380">
    <ele>203.3</ele>
    <time>2025-09-06T09:42:16Z</time>
    <extensions>
     <gpxtpx:TrackPointExtension>
      <gpxtpx:cad>88</gpxtpx:cad>
     </gpxtpx:TrackPointExtension>
    </extensions>
   </trkpt>
   <trkpt lat="50.0607370" lon="19.9138750">
    <ele>203.3</ele>
    <time>2025-09-06T09:42:17Z</time>
    <extensions>
     <gpxtpx:TrackPointExtension>
      <gpxtpx:cad>93</gpxtpx:cad>
     </gpxtpx:TrackPointExtension>
    </extensions>
   </trkpt>
   <trkpt lat="50.0607530" lon="19.9137510">
    <ele>203.3</ele>
    <time>2025-09-06T09:42:18Z</time>
    <extensions>
     <gpxtpx:TrackPointExtension>
      <gpxtpx:cad>93</gpxtpx:cad>
     </gpxtpx:TrackPointExtension>
    </extensions>
   </trkpt>
   <trkpt lat="50.0607610" lon="19.9136560">
    <ele>203.3</ele>
    <time>2025-09-06T09:42:19Z</time>
    <extensions>
     <gpxtpx:TrackPointExtension>
      <gpxtpx:cad>83</gpxtpx:cad>
     </gpxtpx:TrackPointExtension>
    </extensions>
   </trkpt>
   <trkpt lat="50.0607700" lon="19.9135760">
    <ele>203.3</ele>
    <time>2025-09-06T09:42:20Z</time>
    <extensions>
     <gpxtpx:TrackPointExtension>
      <gpxtpx:cad>83</gpxtpx:cad>
     </gpxtpx:TrackPointExtension>
    </extensions>
   </trkpt>
   <trkpt lat="50.0607810" lon="19.9135060">
    <ele>203.3</ele>
    <time>2025-09-06T09:42:21Z</time>
    <extensions>
     <gpxtpx:TrackPointExtension>
      <gpxtpx:cad>99</gpxtpx:cad>
     </gpxtpx:TrackPointExtension>
    </extensions>
   </trkpt>
   <trkpt lat="50.0607930" lon="19.9134410">
    <ele>203.3</ele>
    <time>2025-09-06T09:42:22Z</time>
    <extensions>
     <gpxtpx:TrackPointExtension>
      <gpxtpx:cad>99</gpxtpx:cad>
     </gpxtpx:TrackPointExtension>
    </extensions>
   </trkpt>
   <trkpt lat="50.0608070" lon="19.9133790">
    <ele>203.3</ele>
    <time>2025-09-06T09:42:23Z</time>
    <extensions>
     <gpxtpx:TrackPointExtension>
      <gpxtpx:cad>84</gpxtpx:cad>
     </gpxtpx:TrackPointExtension>
    </extensions>
   </trkpt>
   <trkpt lat="50.0608220" lon="19.9133160">
    <ele>203.4</ele>
    <time>2025-09-06T09:42:24Z</time>
    <extensions>
     <gpxtpx:TrackPointExtension>
      <gpxtpx:cad>84</gpxtpx:cad>
     </gpxtpx:TrackPointExtension>
    </extensions>
   </trkpt>
   <trkpt lat="50.0608380" lon="19.9132560">
    <ele>203.4</ele>
    <time>2025-09-06T09:42:25Z</time>
    <extensions>
     <gpxtpx:TrackPointExtension>
      <gpxtpx:cad>84</gpxtpx:cad>
     </gpxtpx:TrackPointExtension>
    </extensions>
   </trkpt>
   <trkpt lat="50.0608550" lon="19.9131960">
    <ele>203.4</ele>
    <time>2025-09-06T09:42:26Z</time>
    <extensions>
     <gpxtpx:TrackPointExtension>
      <gpxtpx:cad>84</gpxtpx:cad>
     </gpxtpx:TrackPointExtension>
    </extensions>
   </trkpt>
   <trkpt lat="50.0608710" lon="19.9131330">
    <ele>203.4</ele>
    <time>2025-09-06T09:42:27Z</time>
    <extensions>
     <gpxtpx:TrackPointExtension>
      <gpxtpx:cad>83</gpxtpx:cad>
     </gpxtpx:TrackPointExtension>
    </extensions>
   </trkpt>
   <trkpt lat="50.0608850" lon="19.9130720">
    <ele>203.4</ele>
    <time>2025-09-06T09:42:28Z</time>
    <extensions>
     <gpxtpx:TrackPointExtension>
      <gpxtpx:cad>83</gpxtpx:cad>
     </gpxtpx:TrackPointExtension>
    </extensions>
   </trkpt>
   <trkpt lat="50.0608920" lon="19.9130130">
    <ele>203.4</ele>
    <time>2025-09-06T09:42:29Z</time>
    <extensions>
     <gpxtpx:TrackPointExtension>
      <gpxtpx:cad>85</gpxtpx:cad>
     </gpxtpx:TrackPointExtension>
    </extensions>
   </trkpt>
   <trkpt lat="50.0608930" lon="19.9129520">
    <ele>203.4</ele>
    <time>2025-09-06T09:42:30Z</time>
    <extensions>
     <gpxtpx:TrackPointExtension>
      <gpxtpx:cad>85</gpxtpx:cad>
     </gpxtpx:TrackPointExtension>
    </extensions>
   </trkpt>
   <trkpt lat="50.0608900" lon="19.9128950">
    <ele>203.4</ele>
    <time>2025-09-06T09:42:31Z</time>
    <extensions>
     <gpxtpx:TrackPointExtension>
      <gpxtpx:cad>83</gpxtpx:cad>
     </gpxtpx:TrackPointExtension>
    </extensions>
   </trkpt>
   <trkpt lat="50.0608870" lon="19.9128440">
    <ele>203.4</ele>
    <time>2025-09-06T09:42:32Z</time>
    <extensions>
     <gpxtpx:TrackPointExtension>
      <gpxtpx:cad>83</gpxtpx:cad>
     </gpxtpx:TrackPointExtension>
    </extensions>
   </trkpt>
   <trkpt lat="50.0608900" lon="19.9127980">
    <ele>203.4</ele>
    <time>2025-09-06T09:42:33Z</time>
    <extensions>
     <gpxtpx:TrackPointExtension>
      <gpxtpx:cad>83</gpxtpx:cad>
     </gpxtpx:TrackPointExtension>
    </extensions>
   </trkpt>
   <trkpt lat="50.0608970" lon="19.9127570">
    <ele>203.5</ele>
    <time>2025-09-06T09:42:34Z</time>
    <extensions>
     <gpxtpx:TrackPointExtension>
      <gpxtpx:cad>83</gpxtpx:cad>
     </gpxtpx:TrackPointExtension>
    </extensions>
   </trkpt>
   <trkpt lat="50.0609100" lon="19.9127000">
    <ele>203.5</ele>
    <time>2025-09-06T09:42:35Z</time>
    <extensions>
     <gpxtpx:TrackPointExtension>
      <gpxtpx:cad>84</gpxtpx:cad>
     </gpxtpx:TrackPointExtension>
    </extensions>
   </trkpt>
   <trkpt lat="50.0609130" lon="19.9126810">
    <ele>203.5</ele>
    <time>2025-09-06T09:42:36Z</time>
    <extensions>
     <gpxtpx:TrackPointExtension>
      <gpxtpx:cad>84</gpxtpx:cad>
     </gpxtpx:TrackPointExtension>
    </extensions>
   </trkpt>
   <trkpt lat="50.0609120" lon="19.9126330">
    <ele>203.5</ele>
    <time>2025-09-06T09:42:37Z</time>
    <extensions>
     <gpxtpx:TrackPointExtension>
      <gpxtpx:cad>83</gpxtpx:cad>
     </gpxtpx:TrackPointExtension>
    </extensions>
   </trkpt>
   <trkpt lat="50.0609080" lon="19.9126210">
    <ele>203.5</ele>
    <time>2025-09-06T09:42:38Z</time>
    <extensions>
     <gpxtpx:TrackPointExtension>
      <gpxtpx:cad>83</gpxtpx:cad>
     </gpxtpx:TrackPointExtension>
    </extensions>
   </trkpt>
   <trkpt lat="50.0609210" lon="19.9125660">
    <ele>203.5</ele>
    <time>2025-09-06T09:42:39Z</time>
    <extensions>
     <gpxtpx:TrackPointExtension>
      <gpxtpx:cad>86</gpxtpx:cad>
     </gpxtpx:TrackPointExtension>
    </extensions>
   </trkpt>
   <trkpt lat="50.0609280" lon="19.9125460">
    <ele>203.5</ele>
    <time>2025-09-06T09:42:40Z</time>
    <extensions>
     <gpxtpx:TrackPointExtension>
      <gpxtpx:cad>86</gpxtpx:cad>
     </gpxtpx:TrackPointExtension>
    </extensions>
   </trkpt>
   <trkpt lat="50.0609390" lon="19.9125020">
    <ele>203.5</ele>
    <time>2025-09-06T09:42:41Z</time>
    <extensions>
     <gpxtpx:TrackPointExtension>
      <gpxtpx:cad>84</gpxtpx:cad>
     </gpxtpx:TrackPointExtension>
    </extensions>
   </trkpt>
   <trkpt lat="50.0609440" lon="19.9124560">
    <ele>203.5</ele>
    <time>2025-09-06T09:42:42Z</time>
    <extensions>
     <gpxtpx:TrackPointExtension>
      <gpxtpx:cad>84</gpxtpx:cad>
     </gpxtpx:TrackPointExtension>
    </extensions>
   </trkpt>
   <trkpt lat="50.0609450" lon="19.9124350">
    <ele>203.5</ele>
    <time>2025-09-06T09:42:43Z</time>
    <extensions>
     <gpxtpx:TrackPointExtension>
      <gpxtpx:cad>85</gpxtpx:cad>
     </gpxtpx:TrackPointExtension>
    </extensions>
   </trkpt>
   <trkpt lat="50.0609460" lon="19.9124140">
    <ele>203.5</ele>
    <time>2025-09-06T09:42:44Z</time>
    <extensions>
     <gpxtpx:TrackPointExtension>
      <gpxtpx:cad>85</gpxtpx:cad>
     </gpxtpx:TrackPointExtension>
    </extensions>
   </trkpt>
   <trkpt lat="50.0609430" lon="19.9123520">
    <ele>203.5</ele>
    <time>2025-09-06T09:42:45Z</time>
    <extensions>
     <gpxtpx:TrackPointExtension>
      <gpxtpx:cad>84</gpxtpx:cad>
     </gpxtpx:TrackPointExtension>
    </extensions>
   </trkpt>
   <trkpt lat="50.0609480" lon="19.9122960">
    <ele>203.6</ele>
    <time>2025-09-06T09:42:46Z</time>
    <extensions>
     <gpxtpx:TrackPointExtension>
      <gpxtpx:cad>84</gpxtpx:cad>
     </gpxtpx:TrackPointExtension>
    </extensions>
   </trkpt>
   <trkpt lat="50.0609550" lon="19.9122450">
    <ele>203.6</ele>
    <time>2025-09-06T09:42:47Z</time>
    <extensions>
     <gpxtpx:TrackPointExtension>
      <gpxtpx:cad>85</gpxtpx:cad>
     </gpxtpx:TrackPointExtension>
    </extensions>
   </trkpt>
   <trkpt lat="50.0609670" lon="19.9121900">
    <ele>203.6</ele>
    <time>2025-09-06T09:42:48Z</time>
    <extensions>
     <gpxtpx:TrackPointExtension>
      <gpxtpx:cad>85</gpxtpx:cad>
     </gpxtpx:TrackPointExtension>
    </extensions>
   </trkpt>
   <trkpt lat="50.0609760" lon="19.9121300">
    <ele>203.6</ele>
    <time>2025-09-06T09:42:49Z</time>
    <extensions>
     <gpxtpx:TrackPointExtension>
      <gpxtpx:cad>84</gpxtpx:cad>
     </gpxtpx:TrackPointExtension>
    </extensions>
   </trkpt>
   <trkpt lat="50.0609790" lon="19.9121090">
    <ele>203.6</ele>
    <time>2025-09-06T09:42:50Z</time>
    <extensions>
     <gpxtpx:TrackPointExtension>
      <gpxtpx:cad>84</gpxtpx:cad>
     </gpxtpx:TrackPointExtension>
    </extensions>
   </trkpt>
   <trkpt lat="50.0609840" lon="19.9120640">
    <ele>203.6</ele>
    <time>2025-09-06T09:42:51Z</time>
    <extensions>
     <gpxtpx:TrackPointExtension>
      <gpxtpx:cad>84</gpxtpx:cad>
     </gpxtpx:TrackPointExtension>
    </extensions>
   </trkpt>
   <trkpt lat="50.0609880" lon="19.9120210">
    <ele>203.6</ele>
    <time>2025-09-06T09:42:52Z</time>
    <extensions>
     <gpxtpx:TrackPointExtension>
      <gpxtpx:cad>84</gpxtpx:cad>
     </gpxtpx:TrackPointExtension>
    </extensions>
   </trkpt>
   <trkpt lat="50.0609900" lon="19.9119720">
    <ele>203.6</ele>
    <time>2025-09-06T09:42:53Z</time>
    <extensions>
     <gpxtpx:TrackPointExtension>
      <gpxtpx:cad>84</gpxtpx:cad>
     </gpxtpx:TrackPointExtension>
    </extensions>
   </trkpt>
   <trkpt lat="50.0609970" lon="19.9119230">
    <ele>203.6</ele>
    <time>2025-09-06T09:42:54Z</time>
    <extensions>
     <gpxtpx:TrackPointExtension>
      <gpxtpx:cad>84</gpxtpx:cad>
     </gpxtpx:TrackPointExtension>
    </extensions>
   </trkpt>
   <trkpt lat="50.0610060" lon="19.9118590">
    <ele>203.6</ele>
    <time>2025-09-06T09:42:55Z</time>
    <extensions>
     <gpxtpx:TrackPointExtension>
      <gpxtpx:cad>81</gpxtpx:cad>
     </gpxtpx:TrackPointExtension>
    </extensions>
   </trkpt>
   <trkpt lat="50.0610080" lon="19.9118310">
    <ele>203.6</ele>
    <time>2025-09-06T09:42:56Z</time>
    <extensions>
     <gpxtpx:TrackPointExtension>
      <gpxtpx:cad>81</gpxtpx:cad>
     </gpxtpx:TrackPointExtension>
    </extensions>
   </trkpt>
   <trkpt lat="50.0610100" lon="19.9117780">
    <ele>203.6</ele>
    <time>2025-09-06T09:42:57Z</time>
    <extensions>
     <gpxtpx:TrackPointExtension>
      <gpxtpx:cad>82</gpxtpx:cad>
     </gpxtpx:TrackPointExtension>
    </extensions>
   </trkpt>
   <trkpt lat="50.0610120" lon="19.9117260">
    <ele>203.6</ele>
    <time>2025-09-06T09:42:58Z</time>
    <extensions>
     <gpxtpx:TrackPointExtension>
      <gpxtpx:cad>82</gpxtpx:cad>
     </gpxtpx:TrackPointExtension>
    </extensions>
   </trkpt>
   <trkpt lat="50.0610140" lon="19.9117010">
    <ele>203.6</ele>
    <time>2025-09-06T09:42:59Z</time>
    <extensions>
     <gpxtpx:TrackPointExtension>
      <gpxtpx:cad>81</gpxtpx:cad>
     </gpxtpx:TrackPointExtension>
    </extensions>
   </trkpt>
   <trkpt lat="50.0610270" lon="19.9116560">
    <ele>203.6</ele>
    <time>2025-09-06T09:43:00Z</time>
    <extensions>
     <gpxtpx:TrackPointExtension>
      <gpxtpx:cad>81</gpxtpx:cad>
     </gpxtpx:TrackPointExtension>
    </extensions>
   </trkpt>
   <trkpt lat="50.0610300" lon="19.9116440">
    <ele>203.6</ele>
    <time>2025-09-06T09:43:01Z</time>
    <extensions>
     <gpxtpx:TrackPointExtension>
      <gpxtpx:cad>79</gpxtpx:cad>
     </gpxtpx:TrackPointExtension>
    </extensions>
   </trkpt>
   <trkpt lat="50.0610340" lon="19.9116200">
    <ele>203.6</ele>
    <time>2025-09-06T09:43:02Z</time>
    <extensions>
     <gpxtpx:TrackPointExtension>
      <gpxtpx:cad>79</gpxtpx:cad>
     </gpxtpx:TrackPointExtension>
    </extensions>
   </trkpt>
   <trkpt lat="50.0610410" lon="19.9116410">
    <ele>203.6</ele>
    <time>2025-09-06T09:43:03Z</time>
    <extensions>
     <gpxtpx:TrackPointExtension>
      <gpxtpx:cad>76</gpxtpx:cad>
     </gpxtpx:TrackPointExtension>
    </extensions>
   </trkpt>
   <trkpt lat="50.0610720" lon="19.9116380">
    <ele>203.6</ele>
    <time>2025-09-06T09:43:05Z</time>
    <extensions>
     <gpxtpx:TrackPointExtension>
      <gpxtpx:cad>90</gpxtpx:cad>
     </gpxtpx:TrackPointExtension>
    </extensions>
   </trkpt>
   <trkpt lat="50.0610990" lon="19.9116030">
    <ele>203.6</ele>
    <time>2025-09-06T09:43:06Z</time>
    <extensions>
     <gpxtpx:TrackPointExtension>
      <gpxtpx:cad>90</gpxtpx:cad>
     </gpxtpx:TrackPointExtension>
    </extensions>
   </trkpt>
   <trkpt lat="50.0611100" lon="19.9115920">
    <ele>203.6</ele>
    <time>2025-09-06T09:43:07Z</time>
    <extensions>
     <gpxtpx:TrackPointExtension>
      <gpxtpx:cad>91</gpxtpx:cad>
     </gpxtpx:TrackPointExtension>
    </extensions>
   </trkpt>
   <trkpt lat="50.0611200" lon="19.9116010">
    <ele>203.6</ele>
    <time>2025-09-06T09:43:08Z</time>
    <extensions>
     <gpxtpx:TrackPointExtension>
      <gpxtpx:cad>91</gpxtpx:cad>
     </gpxtpx:TrackPointExtension>
    </extensions>
   </trkpt>
   <trkpt lat="50.0611290" lon="19.9115890">
    <ele>203.6</ele>
    <time>2025-09-06T09:43:09Z</time>
    <extensions>
     <gpxtpx:TrackPointExtension>
      <gpxtpx:cad>72</gpxtpx:cad>
     </gpxtpx:TrackPointExtension>
    </extensions>
   </trkpt>
   <trkpt lat="50.0611400" lon="19.9115840">
    <ele>203.6</ele>
    <time>2025-09-06T09:43:10Z</time>
    <extensions>
     <gpxtpx:TrackPointExtension>
      <gpxtpx:cad>72</gpxtpx:cad>
     </gpxtpx:TrackPointExtension>
    </extensions>
   </trkpt>
   <trkpt lat="50.0611560" lon="19.9115800">
    <ele>203.6</ele>
    <time>2025-09-06T09:43:11Z</time>
    <extensions>
     <gpxtpx:TrackPointExtension>
      <gpxtpx:cad>72</gpxtpx:cad>
     </gpxtpx:TrackPointExtension>
    </extensions>
   </trkpt>
   <trkpt lat="50.0611730" lon="19.9115730">
    <ele>203.6</ele>
    <time>2025-09-06T09:43:12Z</time>
    <extensions>
     <gpxtpx:TrackPointExtension>
      <gpxtpx:cad>72</gpxtpx:cad>
     </gpxtpx:TrackPointExtension>
    </extensions>
   </trkpt>
   <trkpt lat="50.0611880" lon="19.9115630">
    <ele>203.6</ele>
    <time>2025-09-06T09:43:13Z</time>
    <extensions>
     <gpxtpx:TrackPointExtension>
      <gpxtpx:cad>40</gpxtpx:cad>
     </gpxtpx:TrackPointExtension>
    </extensions>
   </trkpt>
   <trkpt lat="50.0612020" lon="19.9115490">
    <ele>203.6</ele>
    <time>2025-09-06T09:43:14Z</time>
    <extensions>
     <gpxtpx:TrackPointExtension>
      <gpxtpx:cad>40</gpxtpx:cad>
     </gpxtpx:TrackPointExtension>
    </extensions>
   </trkpt>
   <trkpt lat="50.0612210" lon="19.9115320">
    <ele>203.6</ele>
    <time>2025-09-06T09:43:15Z</time>
    <extensions>
     <gpxtpx:TrackPointExtension>
      <gpxtpx:cad>40</gpxtpx:cad>
     </gpxtpx:TrackPointExtension>
    </extensions>
   </trkpt>
   <trkpt lat="50.0612280" lon="19.9115260">
    <ele>203.6</ele>
    <time>2025-09-06T09:43:16Z</time>
    <extensions>
     <gpxtpx:TrackPointExtension>
      <gpxtpx:cad>40</gpxtpx:cad>
     </gpxtpx:TrackPointExtension>
    </extensions>
   </trkpt>
   <trkpt lat="50.0612340" lon="19.9115200">
    <ele>203.6</ele>
    <time>2025-09-06T09:43:17Z</time>
    <extensions>
     <gpxtpx:TrackPointExtension>
      <gpxtpx:cad>58</gpxtpx:cad>
     </gpxtpx:TrackPointExtension>
    </extensions>
   </trkpt>
   <trkpt lat="50.0612370" lon="19.9115160">
    <ele>203.6</ele>
    <time>2025-09-06T09:43:18Z</time>
    <extensions>
     <gpxtpx:TrackPointExtension>
      <gpxtpx:cad>58</gpxtpx:cad>
     </gpxtpx:TrackPointExtension>
    </extensions>
   </trkpt>
   <trkpt lat="50.0612330" lon="19.9115210">
    <ele>203.6</ele>
    <time>2025-09-06T09:43:19Z</time>
    <extensions>
     <gpxtpx:TrackPointExtension>
      <gpxtpx:cad>49</gpxtpx:cad>
     </gpxtpx:TrackPointExtension>
    </extensions>
   </trkpt>
   <trkpt lat="50.0612280" lon="19.9115270">
    <ele>203.6</ele>
    <time>2025-09-06T09:43:20Z</time>
    <extensions>
     <gpxtpx:TrackPointExtension>
      <gpxtpx:cad>49</gpxtpx:cad>
     </gpxtpx:TrackPointExtension>
    </extensions>
   </trkpt>
   <trkpt lat="50.0612240" lon="19.9115330">
    <ele>203.6</ele>
    <time>2025-09-06T09:43:21Z</time>
    <extensions>
     <gpxtpx:TrackPointExtension>
      <gpxtpx:cad>49</gpxtpx:cad>
     </gpxtpx:TrackPointExtension>
    </extensions>
   </trkpt>
   <trkpt lat="50.0612190" lon="19.9115380">
    <ele>203.6</ele>
    <time>2025-09-06T09:43:22Z</time>
    <extensions>
     <gpxtpx:TrackPointExtension>
      <gpxtpx:cad>49</gpxtpx:cad>
     </gpxtpx:TrackPointExtension>
    </extensions>
   </trkpt>
   <trkpt lat="50.0612140" lon="19.9115440">
    <ele>203.6</ele>
    <time>2025-09-06T09:43:23Z</time>
    <extensions>
     <gpxtpx:TrackPointExtension>
      <gpxtpx:cad>46</gpxtpx:cad>
     </gpxtpx:TrackPointExtension>
    </extensions>
   </trkpt>
   <trkpt lat="50.0612100" lon="19.9115490">
    <ele>203.6</ele>
    <time>2025-09-06T09:43:24Z</time>
    <extensions>
     <gpxtpx:TrackPointExtension>
      <gpxtpx:cad>46</gpxtpx:cad>
     </gpxtpx:TrackPointExtension>
    </extensions>
   </trkpt>
   <trkpt lat="50.0612050" lon="19.9115550">
    <ele>203.6</ele>
    <time>2025-09-06T09:43:25Z</time>
    <extensions>
     <gpxtpx:TrackPointExtension>
      <gpxtpx:cad>46</gpxtpx:cad>
     </gpxtpx:TrackPointExtension>
    </extensions>
   </trkpt>
   <trkpt lat="50.0612000" lon="19.9115540">
    <ele>203.6</ele>
    <time>2025-09-06T09:43:26Z</time>
    <extensions>
     <gpxtpx:TrackPointExtension>
      <gpxtpx:cad>46</gpxtpx:cad>
     </gpxtpx:TrackPointExtension>
    </extensions>
   </trkpt>
   <trkpt lat="50.0612010" lon="19.9115500">
    <ele>203.6</ele>
    <time>2025-09-06T09:43:27Z</time>
    <extensions>
     <gpxtpx:TrackPointExtension>
      <gpxtpx:cad>46</gpxtpx:cad>
     </gpxtpx:TrackPointExtension>
    </extensions>
   </trkpt>
   <trkpt lat="50.0612070" lon="19.9115480">
    <ele>203.6</ele>
    <time>2025-09-06T09:43:28Z</time>
    <extensions>
     <gpxtpx:TrackPointExtension>
      <gpxtpx:cad>46</gpxtpx:cad>
     </gpxtpx:TrackPointExtension>
    </extensions>
   </trkpt>
   <trkpt lat="50.0612220" lon="19.9115490">
    <ele>203.6</ele>
    <time>2025-09-06T09:43:29Z</time>
    <extensions>
     <gpxtpx:TrackPointExtension>
      <gpxtpx:cad>31</gpxtpx:cad>
     </gpxtpx:TrackPointExtension>
    </extensions>
   </trkpt>
   <trkpt lat="50.0612380" lon="19.9115500">
    <ele>203.6</ele>
    <time>2025-09-06T09:43:30Z</time>
    <extensions>
     <gpxtpx:TrackPointExtension>
      <gpxtpx:cad>31</gpxtpx:cad>
     </gpxtpx:TrackPointExtension>
    </extensions>
   </trkpt>
   <trkpt lat="50.0612530" lon="19.9115470">
    <ele>203.6</ele>
    <time>2025-09-06T09:43:31Z</time>
    <extensions>
     <gpxtpx:TrackPointExtension>
      <gpxtpx:cad>46</gpxtpx:cad>
     </gpxtpx:TrackPointExtension>
    </extensions>
   </trkpt>
   <trkpt lat="50.0612550" lon="19.9115490">
    <ele>203.6</ele>
    <time>2025-09-06T09:43:32Z</time>
    <extensions>
     <gpxtpx:TrackPointExtension>
      <gpxtpx:cad>46</gpxtpx:cad>
     </gpxtpx:TrackPointExtension>
    </extensions>
   </trkpt>
   <trkpt lat="50.0612700" lon="19.9115470">
    <ele>203.6</ele>
    <time>2025-09-06T09:43:33Z</time>
    <extensions>
     <gpxtpx:TrackPointExtension>
      <gpxtpx:cad>46</gpxtpx:cad>
     </gpxtpx:TrackPointExtension>
    </extensions>
   </trkpt>
   <trkpt lat="50.0612870" lon="19.9115340">
    <ele>203.6</ele>
    <time>2025-09-06T09:43:34Z</time>
    <extensions>
     <gpxtpx:TrackPointExtension>
      <gpxtpx:cad>46</gpxtpx:cad>
     </gpxtpx:TrackPointExtension>
    </extensions>
   </trkpt>
  </trkseg>
 </trk>
</gpx>
